Arngeng,Pimple
Arngeng,Acne
Awmna,Pneumonia
Awrpuar,Goitre
Bengkherh,Ottorhoea
Biangboh,Mumps
Chau,Fatigue
Chauhna,Fatigue
Taksa chau,Fatigue
Dadu,Veneral Disease (V.D)
Na,ill
Damlo,Sick
Durh,Blister
Hahchhiau,Sneeze
Hahchhiau,Sneezing
Ham,Yawn
Ham,yawning
Ha na,Toothache
Ha muat,Brittle teeth
Ha nget,tooth decay
Hliam,Wound
Hliam,injure
Hliam,injuries
Hritlang,Cold
Hritlang,Chill
Hritlang,Common cold
Hritlangpui,Influenza
Hrawkna,Tonsillitis
Irhfiak,Hiccup
Cancer,Cancer
Kansar,Cancer
Kawthalo,Diarrheoa
Kawthalo,loose motion
Khawihli,Boil
Khawsik,Fever
Khawsik pui,Typhoid
Khuh,Cough
Khuhhip,Whooping cough
Leivung,Callosities
Luak,Vomit
lua,Vomit
Luhai,Giddy
Luhai,dizzy
Luna,Headache
Na,ache
Na,pain
Ngawr,Tuberculosis (T.B)
Pan,Ulcer
Pan,sore
Pan,Ucanker
Pan hnai,Pus
hnai la,Pus
Phar,Leprosy
Phai thak,Ringworm
Pumna,Stomach ache
Pumna,colic
Ruhseh,Rheumatism
Ruh tliak,Bone fracture
Ruh pelh,Bone fracture
Sakawrekhrik,Tetanus
Santen,Dysentery
Ser,Scar
Sikserh,Malaria
Singsihlip,Wart
Singsihlit,Wart
Nghamit,Wart
Tangseh,Chicken pox
Tai,Pile disorder
Tai tla,Pile disorder
Thachat,Cramp
Chawn tha chat,Cramp
Thak,Itch
Thak,itching
Thawhah,Asthma
Thawchham,Faint
Thinlian,Jaundice
Mitliam,Jaundice
Thisen chhuak,Bleeding
Tilpuk,Bydrocele
Tuihri,Cholera
Uithak,Scabies
Uihli thak,Scabies
Arhrik thak,Scabies
Ke ulh,Sprain
Kut ulh,Sprain
ulh,Sprain
ban ulh,Sprain
Vung,Swell
taksa vung,beri-beri
Vun natna,Skin disease
Za,Tickle
tiza,Tickle
Zawnghri,Smallpox
Zeng,Paralysis
Zawi,Paralysis
Zeng hri,Polio
Zunthlum,Diabetis
"Natna, Hri",Disease
Rilphir,Appendicitis
Rilphir na,Appendicitis
Hnar chiangkuanglo,Allergy
Hnarza,Allergy
Hnute cancer,Breast cancer
Khuh benvawn,Bronchitis
Hrileng,Plague
hripui leng,Plague
Lung na,Heart disease
lung natna,Heart disease
Phungzawl,Epilepsi
Chawkawng na,Gastroenteritis
Chawkawng fello,Gastroenteritis
pumpui hnun na,Gastroenteritis
Hnar chiangkuanglo,Allergy
Hnarza,Allergy
"Ching, fa nei theilo",Infertility
Thisen leh thling natna,Lukemia
Chuap cancer,Lung cancer
Thin cancer,Liver cancer
Sentut,Measles
Luna benvawn,Migraine
Mitthalo,Myopia
khawhmuh tawi,Myopia
Thau lutuk na,Obesity
thau luatna,Obesity
Chuap cancer,Lung cancer
Mitdel,Blind
mitdelna,Blindness
Bengngawng,Deaf
Tawngtheilo,Dumb
Tawngtheilo,deaf-mute
Mit natna,Eye disease
Mit thalo,eye disorder
Ui a hri,Rabies
Uihri,Rabies
Pumpui lawng,Stomach ulcer
Bawk,Tumor
taksa chawr,Tumor
pangti chawr,Tumor
Rilru na,Mental disease
rilru a,psychological disorder
Chuapa tuiawm,Lungs water
Kal thalo,Kidney disease
Kal thalo,kidney disorder
Kal lungte awm,Kidney stone
Rilru nguai,Dipression
rilru hahna,Dipression
Zunkawng thalo,Urinary Tract Infection
zunkawng fello,Urinary Tract Infection
Awmvel,Singles Herpes Zoaster
Doctor rawn ka ngai,I need to go to doctor
Ka hrisel lo hle,I am not healthy
ka dam tha lo,I am not healthy
Eng nge i natna?,What is your disease?
Eng nge i harsatna?,What is your problem?
Ka tanpui ang che,I will help you
ka tanpui dawn che lawm,I will help you
Damdawi,"Drug, Medicine"
Dawmdawi zuar,Medical shop
Dawmdawi zuar,Medicine store
Damdawi zawrhna,Medical store
Dawmdawi zuar,Pharmacy
Damdawi zawrhna,Pharmacy
Damdawi in,Hospital
Damdawi in,Health centre
Damdawi in,Nursing home
Damlo,Sick
Damlo,Patient
Damlo inentirna,Doctor's clinic
Daktawr,Doctor
Pain relief,Na chhawkna
Injection,Inchiu
Ha phawi,Tooth extraction
Ha phawi,Dental extraction
Zuncheh,Bed-wetting
Zuncheh,Bsleep-wetting
Khak,Sputum
Chil,Saliva
Anaesthesia,Hnimhlum
Anaesthesia,kahhitna
Drip,Thisen chaw
Tuilum ip,Hot water bag
Ran damdawi,Veterinary medicine
Thaw uih,Halitosis
Thaw uih,bad breath
Ke uih,Foot odour
Sam tuak,Grey hair
Zun in,Toilet
Mihring damlo,Patient
Pangtichawr,Warts
Vawih,Fart
Zun siakna bawm,Urine bag
Inzaina pindan,Operation Theatre
Inzaina kutkawr,Surgical glove
Hmai tuamna,Face mask
hmui tuamna,Face mask
Kut silfaina damdawi,Hand sanitizer
Kut silfaina damdawi,sanitiser
Beng hawlhna,Earbud
Beng kherna,Earbud
Hmul ziah faina hmanrua,Saving kit
Ek dawhna thleng,Bedpan
zun dawhna thleng,Bedpan
Khawsik enna khawl,Thermometer
Kei,I
Kei,Me
Kei,Myself
Keimah,I
Keimah,Me
Keimah,Myself
Nang,You
Nangmah,You
Nangma,Your
Nang,You
Keimahni,We
Keimahni,Our
Keimahni,Ourself
Kan,We
Kan,Our
Kan,Ourself
An,They
An,Them
An,Themself
Anmahni,They
Anmahni,Them
Anmahni,Themself
Mipa,Man
Mipa,Male
Hmeichhia,Woman
Hmeichhia,Female
Enge?,What?
Engtik nge?,When?
Engtik ah nge?,When?
Engvang nge?,Why?
Engvang chuan?,Why?
Engtinnge,How?
Engatinge,How?
Khawnge?,Where?
Khawi ah nge?,Where?
Hetah,Here
helai ah,Here
Saw tah,There
kha tah,There
Vawiin,Today
Nimin,Yesterday
Naktuk,Tomorrow
Engtik lai pawhin,Anytime
Engtik ah pawh,Anytime
Zing,Morning
Chhun,Day time
Tlai,Evening
Zan,Night
Ni,Day
Chawlhkar,Week
Thla,Month
Kum,Year
Chaw,Food
Chawhmeh,Curry
Buhfai,Rice
In,home
In,House
Tui,Water
Thingpui,Tea
Sa,Meat
Mipa,Male
Hmeichhia,Female
Mipa naupang,Boy
Hmeichhe naupang,Girl
Naupang,Children
Naupang,Child
Puitling,Adult
Nu leh Pa,Parents
Pa,Father
Nu,Mother
Unau pa,Brother
Unau nu,Sister
Unau,Sibling
Thian,Friend
Thianpa,buddy
Thiannu,Friend
Hmelma,Enemy
bial pa,Boy friend
bial nu,Girl friend
Nupui,Wife
Pasal,Husband
Mo,Bride
Mo neitu,Bridegroom
Pu,Grand father
Pi,Grand Mother
Meizial,Cigarette
Zu,Alcohol
Zu,Wine
Thian kan ni thei angem?,Can we become a friends?
Mizo tawng i thiam em?,Do you know Mizo tawng?
Mizo tawng ka thiam lo,I don't know Mizo tawng
Mizo tawng thiam ka duh,I want to learn Mizo tawng
Mizo tawng zir ka duh,I want to learn Mizo tawng
Tunge i hming?,What is your name?
Ka hming chu Liana a ni,My name is Liana
I hming chu a mawi hle mai,Your name is so good
Enge i hming pum?,What is your full name
Khawnge i kal dawn?,Where are you going?
Bazar ah ka kal dawn,I am going to Martket
Khawiah mah ka kal lo,I am not going anywhere
Kalna tur pawh ka hre lo,I dont know where to go
Ka kal na tur min kawhhmuh thei angem?,Can you tell me where shall i go?
Lo thu rawh,Sit down
Lo thu rawh,take your seat
Ka thu hman lo kal leh mai ka ngai a,I can't sit
Ka thu hman lo kal leh mai ka ngai a,i have to move on
Lo haw tawh la,Come home
Lo kir leh rawh,Come back
Enge i tih?,What are you doing?
Engmah ka ti lo,I am doing nothing
Ka buai lutuk,I am so busy
I inkhawm dawn em?,Are you going to church?
Hetah lo kal rawh,Come here
"Aw, ka lo kal nghal e","Yes, i am coming"
Engzat man nge?,How much?
Hei hi ka lei duh,I want to buy this
Chaw i ei tawh em?,Have you taken your food?
Chaw ka la ei lo,I am not yet taking food
Chaw ka ei tawh,I had taken my food
In chaw chu a tui hle mai,Your food is so tasty.
Ka chaw ei a tui lo,I don't have appetite for food
Tun tum hi Mizoram a ka vawikhat kalna a ni,This is my first time in Mizoram
Ka tan chuan thil thar vek a ni,Everything is new for me
I dam em?,How are you?
Ka dam e,I am fine
Ka dam tha vak lo,I am not fine
Ka dam tha vak lo,I am not well
Ka lung a leng,I am feeling lonely
I hmeltha hle mai,You are handsome or beautiful
I hmeltha lutuk,You are handsome or beautiful
Aizawl ah ka kal duh,I want to go to Aizawl
Aizawl chu a nuam em?,How is Aizawl?
Aizawl chu a nuam hle,Aizawl is nice place
Ka lawm e,Thank you
Khawngaih in,Please
Khawngaih takin,Please
Khawngaih in min lo tih sak thei angem?,Please can you do it for me?
Khawngaih takin min lo tih sak thei angem?,Please can you do it for me?
Thil lei sak che ka duh,I want to buy something for you
Mangtha,Good Night
Mangtha,Good Bye
Chibai,Greeting
Sawi rawh,Tell me
Min hrilh rawh,Tell me
A to lutuk,It so costly
Min tanpui rawh,Please help me
Tanpui ka ngai,I need a help
Ka hmangaih che,I love you
Ka ngai lutuk che,I miss you so much
Kei pawn ka ngai che,I miss you too
Mifel tak i ni,You are a nice person
Ka hlim em em a ni,I am very happy
Ka lungngai,I am sad
A mawi hle mai,It so beautiful
Damdawi ka lei duh,I want to buy medicine
Khualbuk khawi ah nge a awm?,Where is Hotel?
Meizial suh suh,No Smoking
Meizial zuk phal a ni lo,No Smoking
Min lo nghak rawh,Wait for me
"Aw, ka lo nghak ang che","Yes, i will wait for you"
Ka lo kal leh ang,I will come again
Awlsam,Easy
Harsa,Difficult
A vawt,It's cold
A lum,It's hot
A tuilo,It's not tasty
Ka duh lo,I don't like
Ka duh lo,I don't want
Zaidam,Kind
Nunnem,Gentle
ngilnei,Kind
Zaidam,Gentle
Hausa,Rich
Rethei,Poor
Chak,Strong
Chaklo,Weak
Ka chunga i that na avangin ka lawm e,Thank you for showing kindness on me
Min ngaihtuah sak avangin lawmthu ka hrilh a che,Thank you for your kind consideration
Pathian in malsawm che rawh se,May God bless you
Nang malsawmna ni ang che,Be a blessing
Min lo tawngtai pui dawnnia,Please pray for me
Tluang takin i kal dawnnia,Safe journey
Harsatna i neih chuan min rawn hrilh dawnnia,If you have problem let me know
Harsatna ka neih chuan ka lo hrilh ang che,If i have problem i will tell you
Engkim a tha vek e,All is well
Ka muhil,I am sleeping
I muhil a mi?,Are you sleeping?
Ka la muhil lo deuh,I am not yet sleeping
Kan in hmu chu a lawmawm hle mai,Nice to meet you
Ka hmu duh che,I want to meet you
Hmangaihna in engkim a hneh thin,Love conquer all
Zirtirtu,Teacher
Mizo tawng min zirtirtu tur ka mamawh,I need teacher to teach me Mizo tawng
Lungngai suh,Don't be worry
Lungngai mah ta che,Don't be worry
A tha leh vek mai ang,It will be okay
Hlim takin nun hmang ang che,Have a happy life
Ka lawmpui a che,Congratulation
Duhsakna ka hlan a che,Congratulation
Dam thuai ang che,Get well soon
I lo kal a ka lawm e,Thanks for coming
I chungah ka lawm e,I am glad on you
Min tanpui avangin ka lawm e,Thanks for your help
I dam that ka beisei,I hope you are doing fine
Bengchheng siam suh,Don't make a noise
Bengchheng siam suh,Keep silence
Thawnthu ngaihnawm tak a ni,Its an interesting story
Khualzin,Traveler
Khualzin,journer
Nun,Human life
Hringnun,Human life
Khawvel,World
Khawvel,Earth
Van,Sky
Leilung,Soil
Lei,Soil
Khawmual,Land
Boruak,Air
Pisa,Office
Biak In,Church
Vantlang,Public
Mimal,Private
Mimal,Individual
Nichhuak,Sunrise
Nitla,Sunset
Beisei,Hope
Beiseina,Expectation
Saptawng chauh ka thiam,I speak only English
Saptawng leh Mizo tawng i thiam kawp em?,Do you speak English and Mizo tawng(language)?
Mizo tawng in let rawh,Translate in Mizo Language
Thei,Fruit
Apple thei,Apple
Balhla,Banana
Theihmu,Black berry
Theihmu,Blue berry
Theite chikhat,Cherry
Narial,Coconut
Ram theihmu,Cranberry
Tumrah thlumchi,Date
Theipui,Fig
Gerep,Grape
Grep,Grape
Kawlthei,Guava
Lamkhuang,Jackfruit
Ser,Lemon
Limbu,Lemon
Nimbu,Lemon
Ser te chi,Lime
Theifeihmung,Lychee
Theihai,Mango
Dawnfawh,Water Melon
Hmazil,Mask melon
Thingtheihmu,Mulberry
Olive thei,Olive
Serthlum,Orange
Serthlum,Madarin orange
Thingfanghma,Papaya
Sapthei,Passionfruit
Per thei,Pear
Theite lian chi,Plum
Lakhuihthei,Pineapple
Theibuhfai,Pomegranate
Theihang,Butterfruit
Sisumam,Valencia fruit
Sermam,Citrus limetta
Theite sen,Peach
Japan theite,Peach
Theite hmul,Peach
Tengtere,Tamarind
Sunhlu,Emblic Myrobalan
Sunhlu,Gooseberry
Sunhlu,Indian gooseberry
Kawlsunhlu,Otaheite gooseberry
Kawlsunhlu,Malay gooseberry
Kawlsunhlu,Tahitian gooseberry
Kawlsunhlu,Country Indian gooseberry
Chengkek,Garcinia cowa
Zawngtah,Perkia speciosa
Theiherawt,Carombola
Theiherawt,star fruit
Keifang,Myrica esculenta
Keifang,red berry
Keifang,bay berry
Sarzuk,Bastard Oleaster
Sarzuk,Bastard Oleaster Silverberry
Sertawk,Wild Lemon
Sertawk,Pomelo
Sertawk,grapefruit
Khawmhma,Rhus chinensis
Khawmhma,Chinese sumac
Khawmhma,rhus javanica
Khawmhma,nutgail tree
Chengkek,Garnicia cowa
Chengkek,Cowa fruit
Chengkek,Malabar tamarind
Chengkek,Cowa moangosteen
Chengkek,Brindal berry
Theiria,Freshwater mangrove
Theiria,carallia brachiata
Pangkai,Baccaurea ramiflora
Pangkai,Burmese grape
Theitat,Monkey jack
Theitat,monkey fruit
Thingsemim,Chesnut
Kumkhal,Walnuts
Umkhal,Walnuts
Thil thurna nei chi,Sour taste
Thur,Sour
thil thur,Sour
Hmin,Ripe
thei hmin,Ripe
Thei thur,Sour fruit
Vawksa,Pork
Bawngsa,Beef
Beramsa,Mutton
Kelsa,Mutton
Kelsa,Chevon
Arsa,Chicken
Vawksarep,Smoked pork
Sazuk sa,Venison
Sakhi sa,Venison
Saiar sa,Turkey
Sachek,Tripe
Sangha,Fish
Luilamsa sa,Seafood
Tuifinriat atanga man sa,Seafood
Chakai,Crab
Saum,Fermented pork fat
Beramnosa,Lamb
Sa,Meat
Sawhchiar,Rice porridge
buhchiar,Rice porridge
Vawkvun kanpuah,Pork rinds
Vawk ke,Pork trotter
Bawng ke,Beef trotter
Sa hrual mum,Meat ball
Ar bawp,Chicken drumstick
Ar thial,Gizzard
Sava thial,Gizzard
Bawngsarep,Smoked beef
Varaksa,Duck
Sakawchhung,Offal
Sa tawphnawk,Organ meats
Amisa,Offal
Chengkawl,Water snails
Khuaino,Wasp larvae
Ar ril,Chicken small intestine
Ar thin,Chicken liver
Vawk ril,Pork intestine
Vawk thin,Pork liver
Satui,Meat soup
Lawisa,Carabeef
Lawisa,Red beef
Lawisa,buff
Sanghalsa,Wild boar meat
Vatawksa,Goose
Uisa,Dog meat
Saisa,Elephant meat
Vawk thithun,Pork sausage
Sa hem hmin,Roasted meat
Sa kan ro,Fried meat
Sa hel,Flesh meat
Eng sa nge i duh ber?,What is your favourite meat?
Eng sa nge tui i tih ber?,What is your favourite meat?
Krismas,Christmas
Mas,Christmas
Masi,Christmas
Kumthar,New Year
Thlasik,Winter
Krismas Chibai,Merry Christmas
Kumthar Chibai,Happy New Year
Krismas Chibai ka buk a che.,I wish you a Merry Christmas.
Kumthar Chibai ka buk a che.,I wish you a Happy New Year.
Nangmah leh i chhungkuate Krismas chibai ka buk a che u.,Merry Christmas to you and your family.
He hunpui lo thleng hian hlimna leh lawmna rawn thlen che rawh se.,May this season bring happiness and joy to you.
Chawlh hman nuam le.,Happy Holiday.
Nang nena Krismas hman ka duh e.,I want to spent Christmas with you.
Krismas hunlaiin in awmnaah lo kal theih ka va duh em.,I wish I can come to your place during Christmas.
Ka awmnaah i lo kal thei e.,You can come to my place.
"Lo kal ta ila, harsatna a awm angem?","If i come, will there be a problem?"
Khawiah nge Krismas i hman dawn?,Where will you spent Christmas?
Kumthar khawiah nge hman i tum?,Where will you spent New Year?
Krismas hmanna tur ruahmanna i nei em?,Do you have a plan for Christmas?
"Aih, ruahmanna engmah ka nei lo.","No, I don't have any plan."
Krismas hunah haw i tum em?,Will go home for Christmas?
"Aw, Krismas hmang turin ka haw ngei ang.","Yes, I will surely go home on Christmas."
Engtin nge inah i haw ang?,How will you go home?
Zinna tur tiket i la tawh em?,Do you have booked travel ticket?
Thlawhtheihnaa haw ka duh.,I want to go home by flight
Krismas hmang tura haw ka duh.,I wish I come go home for Christmas.
I tan Krismas hian eng nge awmzia a neih dan?,What is Christmas means to you?
Ka tan awmzia nasa takin a nei.,It means a lot to me.
Engtin nge? I sawi zau thei em?,How? Can you elaborate?
"Ka tan chuan Krismas chu hlimna hun, chhungkaw inhmuhkhawmna hun leh thlarau lama hmasawnna hun a ni.","For me Christmas means time for joy, family reunion and spiritual development."
"A ropui hle mai, thlarau lam mi tak i ni ngei ang.","Sound great, you must be a spiritual person."
"Aw, Thlarau lam mi tak ka ni e.","Yes, I am spiritual person."
"Aw le, hlim taka hmang turin ka duhsak che.","Okay, I wish you have a fun"
Pathianin Krismas laiin malsawm che rawh se.,May God bless you during Christmas
Kumthar laiin malsawm che rawh se.,May God bless you during New Year
Kumthar thuthiam i nei em?,Do you have New Year resolution?
Krismas chu vantlang ruai nen in lawm dawn em?,Will you celebrate Christmas with community feast?
"Aw, Mizoram-ah chuan Krismas chu vantlang ruai nen kan lawm thin.","Yes, in Mizoram we do celebrate Christmas with community feast."
Mizoram-ah Krismas hman theih ka va duh tak em.,I wish I can spent Christmas in Mizoram.
Krismas nang nen.,Christmas with you.
Khawngaih takin Krismas hmang turin lo haw rawh.,Please come home for Christmas.
Lo haw ka tum mek e.,I am trying to come home.
I haw hunah chuan i rualin ka lo kal ve thei angem?,Can I come with you when you go home.
"Aih, Keimah in ka kal dawn a, mahni chauhva kal ka thlang zawk e.","No, I will be going by myself, I prefer to go alone."
Mizoram-ah chuan Krismas chawlh engtin nge i hman?,How do you spent Christmas holiday in Mizoram?
I hman nawm ka beisei a ni.,I hope you enjoyed a lot.
"Aw, nuam leh hlim takin ka hmang e.","Yes, I had a fun and joy."
Engtin nge Krismas i hman?,How do you celebrate Christmas?
Kha lamah a vawt em?,Is is cold there?
"Aw, Mizoram-ah chuan a vawt e.","Yes, It's cold here in Mizoram."
Mizoramah thlasik boruak enge a an?,How is winter season in Mizoram?
Thlasikah chuan a vawt.,It's cold during winter.
Khawngaihin inti lum tha ang che.,Please make yourself warmer.
Thlasik thawmhnaw ka nei a harsatna a awm lo e.,I have winter cloth there is no problem.
Biak In-ah i inkhawm em?,Are you attending Church service?
"Aw, Biak In-a inkhawm ka thulh ngai lo.","Yes, I never fail to go church services."
"A va ropui em, ringtu tha tak i va ni chiang tak em.","That's Great, you are such a true believer."
Ringtu tha tak ni turin ka theitawpin ka bei ve mek e.,I am trying my best to be a true believer.
"I hnena atanga hriat a va nuam em, Ka lo tawngtai pui ang che.","Nice to hear you, I will pray for you."
Krismas atan i bazar dawn a mi?,Are you going for Christmas shopping?
"Aih, Krismas atan ka la bazar lo deuh.","No, I am not yet done Christmas shopping."
Engtikah nge Krismas atan i bazar ang?,When will you go for Chrismas shopping?
Ka sawi thei lo.,I can't tell.
Krismas bazar turin kal ang.,Let's go for Christmas shopping.
Krismas thilpek ka lo thawn ang.,I will sent Christmas gift to you.
Krismas thilpek min pek avangin ka lawm e.,Thank you for Christmas gift.
Lam hla tak atangin Kumthar Chibai ka rawn buk a che.,I am sending New Year wishes from a distance.
He Kumthar hian hausakna leh hlimna rawn thlen che rawh se.,May this New Year brings you prosperity and joy.
I chhungkua leh thiante nen hun hlimawm tak hmang ang che u.,Have a fun with your family and friends.
Ka chhungte leh thiante nen Krismas kan hmang ho ang.,I will spent Christmas with my family and friends.
I Krismas hmanna turah min sawm ve angem?,Will you invite me to your Christmas programme.
Sawm theih che ka va duh tak em.,I wish I can invite you.
Inthiam lo duh suh aw.,Don't feel bad.
Min sawm inthlahrung suh.,Do not hesitate to invite me.
Chutih hunah chuan i buai mai thei a.,You may be busy on that time.
"Aih, I tan hun ka pe ang che.","No, I will time for you."
Krismas hunlaiin khawngaih takin min hrereng ang che.,Please remember me during Christmas.
Krismas hunah ka theihnghilh lo ang che.,I will not forget you during Chrismas.
Kumthar pawh i hmang nghal dawn a mi?,Will you spent New Year too?
"Aw, hetah Kumthar pawh ka hmang nghal ang.","Yes, I will also spent New Year here."
I chhungte leh i thiante chu min lo biak dawnnia.,Convey my regards to your family and friends.
"Aw, ka lo hrilh hlawm dawnnia.","Sure, I will tell them."
Krismas chibai ka bukna che hi khawngaihin lo pawm ang che.,Please accept my Christmas greetings.
Hun muanawm hmang ang che.,Have a peaceful time.
Krismas intihhlimnaah i kal dawn em?,Are you going to Christmas party?
Krismas intihlimna (Carnival) ah ka kal ang.,I will go to Christmas Carnival.
Krismas hlaah enge i duh ber?,What is your favourite Christmas song?
Krismas hla changah enge i duh ber?,What is your favourite Christmas verse?
Min Christmas chungchang an sawiah enge i duh ber?,What is your favourite Christmas quote?
Krismas chawlh hman nana i hmun hman chakna ber khawi lai nge?,What is your favourite place to spent Christmas holiday?
Krismas kawrmawi i nei em?,Do you have new cloth for Christmas?
Krismas kawrthar i nei em?,Do you have new cloth for Christmas?
Krimas kawrmawi ka lei ang.,I will buy new cloth for Christmas
Krimas kawrthar ka lei ang.,I will buy new cloth for Christmas
Krismas pualin thil enge maw min lei sak rawh.,Buy me something for Christmas.
I tan thil hlu ve tak ka leisak ang che.,I will buy something special for you.
"Aih, aih, ka fiamthu mai mai anih kha.","No, no, I am just kidding."
"A tha lawm, ka hrethiam e.","It's okay, I can understand."
"Engpawh nise, nang pawn Krismas hunah hun hlimawm tak hmang ang che.","Anyway, you also have a good time during Christmas."
Min duhsaknaah ka lawm e.,Thank you for your wish.
Krismas hunah pawn chhuak ho ang u.,Let's go out together during Christmas.
"Aw, keipawh ka lo kal ve ang.","Yes, I will also come along."
Khawiah nge kan kal ang?,Where shall we go?
A hmun tur ka ngaihtuah thiam lo.,I can't decide the place.
Nakinah ka la hrilh dawn che nia.,I will tell you later.
"Awle, Kumtharah kan inhmu dawnnia.","Okay, I will see you on New Year."
Krismas chawlh engtin nge i hman?,How is your Christmas holiday?
Kumthar chawlh engtin nge i hman?,How is your New Year holiday?
Kumthar i hmang nuam em?,Do you spent well New Year?
"Aw, nuam ka ti khawp mai.","Yes, I enjoy a lot."
Krismas hi ka tan ni pawimawh tak a ni.,Christmas is an important day for me
Krismas ruai theh nuam i ti em?,Do you enjoy your Christmas feast?
Krismas chhang in zai em?,Do you cut cake on Christmas?
Krismas hun hmannah ka tel ang.,I will attend Christmas programme.
Krismas hunah eng rilru nge i put?,How is your feeling about Christmas?
Kumthar laiin in lam ka ngai hle.,I feel homesick during New Year
Kumthar laiin in lam i ngai ngei ngei ang.,You must be missing your home during New Year
"Aw, ka chhungte ka ngai.","Yes, I am missing my family"
Chhungte i nei em?,Do you have relatives?
"Aw, Kei leh ka chhungten Krismas kan hmang ho thin.","Yes, Me and my family used to spent Christmas together."
Krismas pual thil zawrhna hmunah i kal em?,Are you going for Christmas fair?
Krismas thingkung i nei em?,Do you have Christmas tree?
"Aw, ka nei a, mahse, ka la cheimawi lo deuh.","Yes, I have but I am not decorating yet."
Krismas thingkung ka lei ang.,I will buy Christmas tree.
I lei hunah ka lo pui ang che.,I will help you when you buy.
I chungah ka lawm ngawt ang.,I will be grateful to you.
Kut laiin bazar a zalen angem?,Will the market be free during festival?
"Aih, ka ring lo, kut lai chuan bazar chu mipui an tam ziah thin.","No, I don't think so, market is always crowded during festival."
Kumthar zawh hunah khawngaihin lo kir leh ang che.,Pleas come back after New Year.
Ka hman hunah ka la rawn bia ang che.,I will call you when I am free.
He tawngleh avang hian ka lawm e.,Thank you for this translation.
Mizo tawng lehlinna hi ka mamawh fo mai.,I often need Mizo translation.
I va han tangkai tak em.,You are so helpful.
I lawm chuan i hmuh dan i sawina i hnuchhiah dawnnia.,If you are glad leave a comment
Tun atan chuan nih leh phawt le.,Bye for now.
Lu,Head
Sam,Hair
hmul,Hair
Samtuak,Grey hair
Mit,Eye
Mit ko hmul,Eyebrow
Mitvun,Eyelid
Mihmul,Eyelash
Mitkhap,Eyesore
Ka,Mouth
Beng,Ear
Hnar,Nose
Bengling,Eardrum
Ha,Teeth
Ban,Arm
Hnungzang,Back
Kawng,Waist
Koki,Shoulder
Kut,Hand
Banrek,Wrist
Zakhnuai,Armpit
Kutzungtang,Finger
Tin,Nail
Kiu,Elbow
Hmui,Lip
Hmai,Face
Chal,Forehead
Khabe,Chin
Banpuam,Biceps
Nghawng,Neck
Hnute,Breast
Hnutehmur,Nipple
Awm,Chest
Hrawk,Throat
Lei,Tongue
Hmuihmul,Moustache
Pumpui,Stomach
Lung,Heart
Thin,Liver
Kal,Kidney
Chuap,Lungs
Ril,Intestine
Zunkawng,Ureter
Khup,Knee
Ngal,Shin
Kephah,Foot
Ke,Leg
Ketin,Toenail
Kezungtang,Toe
Ke rek,Ankle
Kheimit,Ankle bone
Kephah,Sole
Kehnuai,Sole
Keartui,Heel
Chawn,Calf
Kekawn,Arch of the foot
Malpui,Thigh
Ruh,Bone
ruhrel,Bone
Kap,Groin
Thal,Groin
Kapkar,Groin
Khel,Hip
Mawngtam,Buttock
Mawngkua,Rectum
Mawngkua,Anus
Tai na,Pile
Serh,Private part
Zahmawh,Private part
Serh hmul,Pubic hair
Zahmawh hmul,Pubic hair
Khabehmul,Beard
Lai,Navel
Laipawng,Navel
Vun,Skin
Kuttum,Fist
Biang,Cheek
Thluak,Brain
Thisen,Blood
Taksa,Body
Tihrawl,Muscle
Khaberuh,Jaw
Hnarkua,Nostril
Thialpawn,Temple
Kethiah,Paw
Nakruh,Rib
Zang ruh,Spine
Zang thlur,Spine
Kutphah,Palm
Dul,Belly
Marphu,Pulse
Mît,Bile
Mitmu,Eyball
Phing,Urinary bladder
Chil,Saliva
Hriatna thazam,Nerve
Thawkna dawt,Trachea
Ruh chuktuah,Joint
Thling,Marrow
Thisen zam,Artery
Thisen zam,Vein
Luruh,Skull
Hnar hmul,Nose hair
Aw bawm,Larynx
Chhul,Womb
Kaihza,Knee pit
Kaihza tha,Hough
Kaihza tha,Popliteal fossa
Baw,Sperm
Chi,Sperm
Chi insiamna bawm,Ovary
hmul nei lo,Bald
tlakawlh,Bald
Lukawlh,Bald head
Chalkawlh,Bald head
Mitsiai,Wink
Tukkhum,Occiput
Chhipvir,Whorl
Chhip,top of the head
Luchhip,Crown of the head
Ludip,Fontanel
Hnap,Mucus
Hnap,snot
Hnapkhir,Dry nos mucus
Hnapthleng,Philtrum
Tinhna,Hyponychium
Tinhna,quick of the nail
Hnaptui,Running nose
Rilphir,Appendix
Kawchhung,Viscera
Mît,Gall-bladder
Mît bawm,Gall-bladder
Rilpui,Large intestine
Rilpui,Large bowel
Rilfâng,Small intestine
Rilfâng,Small bowel
Rilbawh,Pancreas
Rilbawh thau,Pancreas
Hrawk bawk,Adam's apple
Rilpui bawhtu pangti,Colon
Chawkawng,Esophagus
Tilmu,Testicle
Tilmu,Balls
Zunkawng,Urethra
Mawn,Clitoris
Mipa serh,Penis
Hmeichhe serh,Vulva
Thalbe tuihnang,Glands
Khawchhunga tuihnang,Glands
mipa chi siamtu tuihnang awmna,Prostate
Baw,Semen
Khingkhang ruh,Collar-bone
Kiuhit,Funny bone
Ka lung a leng hle,I am so lonely
Ka lung a leng,I am feeling lonely
I lung a leng em?,Do you feel lonely?
"Aw, ka nu leh pa ka ngai","Yes, I miss my parents"
"Aih, ka lung a leng lo","No, I am not feeling lonely"
Kar hlaa ngaihzawng neih hi ka hua,I hate long distance relationship
Kan khua ka ngai,I miss my village
I tap e law?,Are you crying?
Tap suh,Don't cry
Ka tap lo thei lo a ni,I can't stop crying
Eng nga tinge i tah a?,Why are you crying?
In lam ka ngai a ni.,I am feeling homesick
Tap tawh lo hram rawh,Try to stop crying
Tap lo turin min ti lui thei lo ang,You can't force me to stop crying
"Awle, i thu thu a ni","Okay, it's up to you"
Khawngaihin min lo kal bo san rih rawh,Please leave me alone
I bulah ka awm reng ang,I will be with you
Khawiah emaw kal ka mamawhin ka hria,I think i need to go somewhere
I bulah ka lo kal ve ang,I will go along with you
Keimahin ka kal ang,I will go by myself
Kalpui tur i mamawh lo a mi?,Don't you need accompany?
"Aw, keimahin ka ti thei e","Yes, I can do it by myself"
Min ti tap suh,Don't make me cry
Ka tih tum reng a ni bik lo,It's not my intention
Anih chuan eng nge i rilruah awm a?,"If so, what's on your mind?"
Ka rilruah thil tam tak a awm,So many things are there in my mind
"Hahdam rawh, chawlh hahdam i mamawhin ka hria","Relax, I think you need to take rest"
Ka chawl thei rih lo,I can't take rest
Tinge i thutak viau a?,Why are you so serious?
A chhan a awm aniang e,There may be a reason
I thinlunga awm min hrilh rawh,Tell me what's on your heart
Ka rilruah engmah a awm lo e,Nothing in my mind
Ka ngaihtuah thei lo,I can't feel it
Thaw han la halh halh teh,Take a deep breath
A thawk tak tak lo,It's not working
Keimahin kan awm rih ange,Let me have private space
Inchhirna i neih chuan khawngaihin min hrilh dawnnia,If you regretted kindly let me know
Ka inchhir ka ring lo e,I think I will not be regretted
I chapo emai,You are so proud
Chu chu i lo buaina tur a ni lo,That's not your business
Ngaihtuahna tur hun min pe rawh,Give me a chance to think
I duhdanin hun hmang rawh,Take your time
Hringnun hi ka ngaihtuah mek,I am thinking human life
Thil ngaihtuah vak vak suh,Don't think too much
Hunin a la rawn hril ang,Time will tell
Ngaihtuah dan pawh ka thiam lo,I don't have any idea
Ka lo zirtir ang che,I will teach you
I ngai thutak hle tur a ni,You have to very serious
Ka pawm ang,I will accept
"Aih, ka pawm thei lo","No, I can't accept"
Mi a ang maiin awm suh,Don't be act like a fool
Ka a lo e,I am not fool
I fing hle mai,You are so clever
I rem hre hle mai,You are so clever
Thil ropui lua a ni lo,It's not a big deal
Ka chunga i thatna hi ka fak hle mai che,I appreciate your goodness to me
Kan za vai hian mihring kan ni vek e,We all are human beings
Tuman mi famkim an awm lo,No one is perfect
I sawi dik e,You are right
I dik dik e,You are right
Mitin hian insiamthatna tur kan nei vek,Everyone needs improvement
Engtia nun tur nge min zirtir rawh,Teach me how to behave
Kei ai fe chuan i thiam zawk e,You are far better than me
Kei ai fe chuan i tha zawk e,You are far better than me
Ka awih lo emai,I don't think so
Min ring rawh,Trust me
Ka lo ngaihtuah dawnnia,I will consider it
Min tiam rawh,Promise me
Ka tiam thei lo che,I can not promise you
Enga ti nge a harsat viau a?,Why it is so hard?
I ngaihtuah nawn a ngai,You have to think it twice
"Aw le, ka lo ngaihtuah dawnnia","Okay, I will think it"
I thil sawi avangin lawmthu ka hrilh a che,Thanks for your words
Hetah i awm chu ka lawm e,I am glad that you are here
Ngai zam mai mai rawh,Take it easy
"Aw le, tunah tan chuan a tawk rih e","Okay, it's enough for now"
Hun tha nei ang che,Have a good time
Kristian i ni em?,Are you a Christian?
"Aw, Kristian ka ni e.","Yes, I am a Christian"
Ringtu i ni em?,Are you a believer?
Biak inah i inkhawm ngai em?,Do you go to Church?
I inkhawm ngai em?,Do you go to Church?
"Aw, Pathianni tin ka inkhawm thin.","Yes, I go to church every Sunday"
Khawiah nge in biak in a awm?,Where is your church located?
Kawtthler pui ber emaw Zarkawtah a awm.,It is in the main street or Zarkawt
In biak inah engtik emaw chu inkhawm ve duh a ni.,I want to go to your church someday
Engtik hunah pawh kan lo lawm reng a che.,You are most welcome anytime
Tunge in Pastor?,Who is your Pastor?
Kan kohhran Pastor chu Rev. Mawia a ni,Our church Pastor is Rev. Mawia
Kohhran Upa in nei em?,Do you have church Elders?
Kohhran Upa engzat nge inneih?,How many church Elders do you have?
"Aw, Kohhran Upa kan nei e","Yes, we have church Elders"
Kohhran Upa paruk kan nei,We have six church Elders
Biak inah hla hla in sa ngai em?,Do you sing a song in the church?
Biak inah hla kan sa,We sing a song in the church
Hla Bu i nei em?,Do you have a hymn book?
"Hla Bu kan nei a, Kristian Hla Bu tiin kan sawi",We have a hymn book which is called Kristian Hla Bu
Eng nge i hla duh ber?,What is your favourite song?
Hla duh ber ka ngah,I have many favourite songs
"Ka hla duh ber chu ""Ka Lalpa duhtak min awmpui ang che"" tih a ni","My favourite song is ""Abide with me my Lord"""
Hla ropui tak a ni,It is a wonderful song
He hla hi chu ka naupan lai atanga ka duh tawh a ni.,I like this song since my childhood
Biak inah in tawngtai ngai em?,Do you pray at the church?
Biak ina tawngtai hi chu tih ngei ngei ngai a ni,Prayer is compulsory in the church
Engtianga tawngtai tur nge ka thiam lo,I don't know how to pray
I duh chuan ka tanpui ang che,I will help you if you wish
Tunah tunge tawngtai mek?,Who is praying now?
Kan inkhawm kaihhruaitu a tawngtai mek,Our chairman is offering prayer
Tunge biak inah inkhawm kaihhruaitu?,Who is the chairman in the church?
Upa Lawmsiama chu inkhawm kaihhruaitu a ni,Elder Lawmsiama is the chairman
Biak inah thawhlawm in khawn thin em?,Do you collect Offerings in the church?
Biak in inkhawmnaah thawhlawm khawn a ni,There is Offerings in the church service
Tute nge thawhlawm khawntu?,Who are the collectors of Offerings?
Tute nge thawhlawm lakhawmtu?,Who are the collectors of Offerings?
A tlangpui thuin kohhran thalai lamin inkhawm thawhlawm an khawn thin,Church Offerings are usually collected by youth fellowship members
A tlangpui thuin kohhran thalai lamin inkhawm thawhlawm an lakhawm thin,Church Offerings are usually collected by youth fellowship members
Biak inah in lam ngai em?,Do you dance at the church?
"Aw, lam hi kan kohhran kalphung pakhat a ni","Yes, dancing is one of the parts of our church tradition"
Tunge kohhranah thuhriltu?,Who is the preacher in the church?
Tunge kohhranah thusawitu?,Who is the preacher in the church?
Thuhril hi Pastor leh Kohhran Upa ten an ti thin,Preaching is done by Pastor and Elders
Eng kohhranah nge i lawi?,Which church do you belong?
Eng kohhran nge i nih?,Which church do you belong?
Presbyterian kohhran a mi ka ni e,I am a member of the Presbyterian Church
I lo tawngtai ang u,Let us pray
Ka'n tawngtai ang e,Let me pray
Pathian thu i lo ngaithla ang u,Let's listen to the words of God
Kan zavaiin i lo ding ang u,Let us all stand up
"Isua hmingin kan tawngtai, Amen","In Jesus' name, we pray, Amen"
Kan Pa duhtak vana mi,Dear Heavenly Father
Lalpa tawngtaina hmangin in tawngtai ngai em? Lalpa tawngtaina in sawi ngai em?,Do you pray in the Lord's prayer?
Lal biakna hmangin in tawngtai ngai em?,Do you pray in the Lord's prayer?
Lalpa tawngtaina in sawi ngai em?,Do you pray in the Lord's prayer?
Inkhawm hi a tlangpui thuin Lalpa tawngtaina in tihtawp thin a ni,Church service is usually concluded with the Lord's prayer
Kan Pastorin malsawm tawngtainain inkhawm tinna a ti tawp,Our Pastor concluded the congregation with a benediction
Tu in nge Bible chhiar leh tawngtaina hmang?,Who is doing Bible reading & Prayer?
Tunge inkhawm tantu?,Who is doing devotion?
Hla hla i lo sa ang u,Let's sing a song
Kan zavaiin i lo thu ang u,Let's all be seated
Pathian lehkhabu thianghlim atangin ka chhiar,I am reading from the Scripture
"Johana bung 15, chang 21 i lo chhiar ang u","Let's read to John chapter 15, verse 21"
Unaupa leh unaunu duhtak te u,Dear brothers and sisters
Biak inah ka kal ang,I will go to church
Ka inkhawm ang,I will go to church
Hun pawimawh bikah lo chuan ka inkhawm khat hle,I hardly go to church except on special occasions
Biak in lamah tal tam nasa teh,Be more active in the church
Inkhawm ban hunah ka lo hmu ang che,I will see you when the church service is over
Tunge in kohhran thlalai hruaitu?,Who is the youth leader in the church?
In kohhranh Sunde Sikul in nei em?,Do you have Sunday School in your church?
Sunde Sikul zirtirtu ka ni,I am a Sunday School worker
Tu nge in kohhran ziaktu,Who is your church secretary?
Upa Rammuanpuia hi kan kohhran sumvawngtu a ni,Eleder Rammuanpuia is our church treasurer
Engtia zingin nge i inkhawm thin?,How often do you go to church?
Nilai zan apiang leh Pathianni in ka inkhawm thin,I go to church every Wednesday night and Sunday
Inkhawm taima tak i ni ngei ngei ang,You must be a regular churchgoer
"Aw, hun ka neih phawt chuan inkhawm ka hlah ngai lo","Yes, if I have time I never missed church service"
I hun hman dan hi ka duhzawng tak a ni,I really like your lifestyle
"In biak in chu a mawi ngei mai, a cheimawi dan vel hian ka lung a kuai hle","Your church building is so beautiful, I am so impressed by its design."
Kan biak inah lo kal rawh,Come to our church
Khawngaihin kan biak inah inkhawm rawh,Please attend our church service
Biak in inkhawm laiin i mutthlu a ni maw?,Are you sleeping during the worship service?
Ka chau em a inkhawm laiin ka mutthlu,I am so tired and I slept during the worship service
Biak in dar engtikah hunah nge a rik tan ang?,What time does the church bell start ringing?
Engtikah hunah nge biak in dar a rik?,What time does the church bell start ringing?
Zing lamah inkhawm in nei thin em?,Do you have a morning worship service?
Inkhawmnaah eng tawng nge in hman?,Which language do you use in worship service?
Kan kohhran tan khawngaihin tawngtai rawh,Please pray for our church
Kan kohhran tan lo tawngtai thin ang che,Please pray for our church
Kan kohhran tawngtainaah kan lo hrereng ang che,We will remember you in our church prayer
Tawngtaina hi thlarau lama chakna hnar a ni,Prayer is a source of strength in spirit
Tawngtai theihnghilh suh ang che,Don't forget to pray
"Aw, ka theihnghilh lo ang","Yes, I will not forget"
"Ka tawnglettu hi a tangkai hle, amah pawh hi in kohhran mi a ni.","My language translator is very helpful, he is also a member of your church"
"Amah chu ka hria, ringtu tha tak a ni","I know him, he is a good Christian"
In kohhranah tawng lettu inneih chuan ka tan thusawi hriat a awlsam phah ngei ang.,"If you have a language translator in your church, it will be easier for me to understand the preaching."
"Lungngai suh, kan kohhrana i rawn kal hunah chuan nangmah tanpui tur chein ka awm a lawm.","Don't worry, I am here to help you when you come to our church"
Ringtute hi fakawm awm ka ti,I am appreciating Christian people
Kan vaiin misual kan nia mahse Isuan sual lakah min chhandam,We are all sinners but Jesus saves us from sin
Khawngaihin min tawngtai sak dawnnia,Please pray for me
Isua'n a hmangaih che,Jesus loves you
Isuan a tanpui thei che,Jesus can help you
Pathian a ropui e,God is great
Pathian chu min siamtu a ni,God is our Creator
Pathian hi ka tan engkim a ni,God is everything to me
Lalpa chu fakin awm rawh se,Praise the Lord
Lalpa'n vengin malsawm che rawh se,May the Lord bless you and keep you
Pathianin malsawmin veng che rawh se,May the Lord bless you and keep you
Bible chang min lehlin sak thei ang'em?,Can you translate Bible verse for me?
Bible chang ka lehlin sak ang che,I will translate Bible verses for you
Mizo Tawng lehlin hna i thawh avangin lawmthu ka sawi e.,Thanks for your Mizo language translation works
Chaw i ei tawh em?,Have you taken food?
Chaw i ei tawh em?,Had your food?
Chaw i ei em?,Do you eat food?
Engtikah nge chaw i ei ang?,When will you eat food?
Eng nge i ei a?,What are you eating?
Chaw ka ei tawh e,I had taken food
Chaw ka ei,I eat food
Chaw ka ei mek,I am eating food
Chaw ka la ei ang,I will eat food
Chaw ka ei tawh e,I am done
Chaw ka ei puar tawh e,I am done
Zanriah,Dinner
Zanriah,Supper
Chaw chhun,Lunch
Tukthuan,Breakfast
Thingpui ka in,I drink a tea
Thingpui ka in mek,I am drinking tea
Thingpui ka la in ang,I will drink tea
Thingpui i in duh em?,Do you like tea?
"Aw, thingpui ka in duh e","Yes, I like tea"
Coffee i in duh em?,Do you like coffee?
"Aih, coffee ka in duh lo","No, I don't like coffee"
Chaw ei tur lei ka duh,I want to order food
Thleng khat engzat man nge?,How much is one plate?
Thleng khat zelah Rs.50,Rs.50 per plate
Chawhmeh atan eng nge in chhawp tel?,What are you serving for curry?
Thlaihnah chauh ei ho ei thin ka chhawp,We are serving vegetarian food
"Thlaihnah chauh ni lo, sa lam chi in chhawp tel em?",Do you serving non-vegetarian food?
"Thlaihnah chauh ni lo, sa lam chi pawh duhthlan tur kan nei e.","Yes, we also option for non-vegeterian food"
Bawngsa ka lo duh ang e,I will take beef
Vawksa pawh kan nei,We also have pork
Vawksa hi ka chawhmeh duhber a ni,Pork is my favourite food
Arsa te hi?,What about chicken?
Arsa pawh ka ei thei tho,I can take chicken also
Thleng khat dang ka ei leh thei angem?,Can I have one more plate?
"Aw, i duh ang zat zat i ei thei e.","Yes, you can take as much as you want"
Chaw hi a tui,The food is tasty
Chaw hi a tui hle mai,The food is very tasty
Ka ei puar e,I am full
Ka ei kham e,I am full
Chaw chhum dan i thiam em?,Do you know how to cook food?
Ei siam dan i thiam em?,Do you know how to cook food?
Mizo chaw i siam thiam em?,Can you cook Mizo food?
Mizo chaw ka siam sak thei che.,I can cook Mizo food for you
Eng nge i chaw duh ber?,What is your favourite food?
Mizo tawnga chaw tia kan sawi chuan buh sawina a ni ber.,"If we say food in Mizo language, it commonly means rice"
Chawhmeh dang te engtin nge in sawi ve le?,How do you say the other food items?
Mizo zingah chuan 'chawhmeh' tia i sawi chuan buh ni lo chawhmeh dang zawng tihna a ni.,"Among the Mizo, if you say 'chawhmeh' which means all the food items other than rice."
Mizoramah chuan buh hi an chaw rin pui ber a ni.,Rice is the main food in Mizoram
Buh ni lo chaw a ei chi dang ho chu 'chawhmeh' tia sawi an ni.,Food items other than rice are called 'chawhmeh'
Mizo te chuan chawhmeh chhum tawp an ngaina,Mizo people like simple boiled food
Mizo chaw chu a tlangpuithuin a thak leh rimna chi pawlh neuh neuh a tlem.,Mizo food are commonly non-spicy
Kurtai i ei duh em?,Do you eat jaggery?
Thingpui inpahin kurtai ei tel ka duh,I like jaggery while drinking tea
Hei hi Mizo te chin dan dan a ni,This is a Mizo style
A hunah zel chaw ei tum thin ang che,Try to take food on time
Engati nge chaw i ei loh?,Why don't you take food?
Ka ril a la tam lo a ni,I am not yet hungry
A chhan ka hria,I know the reason
Engtin nge i hriat a?,How do you know?
Thingpui dawrah ka hmu che.,I saw you at the restaurant
Chaw i ei ang u,Let's have food
Khawiah nge ka thut ang?,Where will i sit?
A kilah khan thu rawh,Sit at the corner
I dawtah ka lo thu ang,I will sit next to you
Tui i duh em?,Do you want water?
Tui in tur ka duh,I want drinking water
Tui pangngai nge a dah vawh i duh zawk?,"Which one you like, normal or cold water?"
A enga pawh ka duh e,I can take anyone
Harsatna i nei lo ang maw?,Don't you have problem?
"Aih, harsatna ka nei lo e.","No, I don't have problem."
Mi fel tak i ni e.,You are a nice person
Chutiang sawi suh.,Don't say that
Ka insum thei lo.,I can't resist myself
I chawhmeh ngainat zawng min hrilh rawh,Tell me about your favourite food
Khawngaihin min zawt suh.,Please don't ask me
Zawhna atthlak ka zawh che vangin min ngaidam rawh,Sorry for asking silly question
"A tha lawm, pawiti suh","It's okay, never mind"
Inthian tha kan nia,We are a friend
Khawiah nge Mizo chaw ka lei theih ang?,Where can I buy Mizo food?
Thingpui dawrah kal rawh,Go to restaurant
Kalna tur ka hre lo a lawm,I don't know where to go
Ka hrilh ang che,I will tell you
Min hrilh rawh,Tell me
Ngaithla la,Listen
Ka ngaihthla ang,I will listen
Ka ngaithla uluk viau ang,I will listen carefully
Google a Mizo tawng lehlin theihna i ti chhin tawh em?,Have you tried Mizo google translate?
Google tawng lenlinna a awm a mi?,Is it available in google translate?
Google in Mizo tawng lehlinna an dah tawh,Google has added Mizo language translate
Mizo tawng hmang lo te tan google tawng lehlinna a tangkai ang,Google translate will be useful for non-Mizo speaking people.
Google-ah chawhmeh hming te i letling thei em?,Can you translate the name of food items in Google?
Google tawng lehlinna h hna tam tak thawh tur a la awm,More works to be done on google translate
"Engpawhnise, Mizo chaw ka ei a nuam ka ti hle.","Anyway, I enjoy Mizo food"
I ei leh in siamthiamna hi fakawm ka ti hle,I really appreciate your culinary skill
I tawngkam tha avangin ka lawm e.,Thank for your kind words.
"Kei chu engmah ka ni lo a, mahse, ka theihtawp ka chhuah.","I am nothing, but I try my best."
Biak in ah ka rawn hmu dawn che ania.,I will see you at the Church.
Ka kal mai e aw.,I am off now
Hunawl i neih hunah lo kal nawn leh ang che.,Come again when you have free time
Ka lo kal fo ang,I will come often
A tha vek e,All right
Mizo chawhmeh siama a pawlh ho tur ka hre duh,I want to know Mizo food recipee
A thawnthu a thui lutuk.,It's a long story
Tawngkam mawlte in min hrilh rawh.,Tell me in simple words
Ka thu i awih chuan ka la hrilh ang che.,I will tell you if you obey my command
"Aw le, ka lo ti dawn nia.","Okay, I will do it"
Thil sawi ngaithlatu tha tak i ni e.,You are a good listener
Chawlh la rih lawk ang aw.,Let's have a break for a while.
Vawiin khaw awmdan eng nge?,How is the weather today?
Ruah a sur mek,It's raining
"Aih, ruah a sur lo","No, it's not raining"
Ruah a sur mek em?,Is it raining?
Ni a sa,It's sunny
Khawpui ri i hria em?,Can you hear the thunder?
Ruah a sur seng seng,It's drizzling
Pawn lamah ruah a sur mek,It's raining outside
Ruahsur banah ka lo kal ang,I will come after the rain is over
Chhimbal ka hmu,I see the rainbow
Chhum lo chat lo vin ruah a sur char char,It's raining cat and dog
Ruahsur hi ka ning tak zet a ni,I am fed up with raining
Malsawm ruah,Shower of blessing
Ruahsur vangin pawnah ka chhuak thei lo,I can not go out because of rain
I awmna hmunah ruah a sur ve em?,Is it also raining in your place?
I awmna hmun a him em?,Is your place safe?
"Aw, a him e","Yes, it's safe"
"Aih, a him lo","No, it's not safe"
Pawi ka tih pui hle mai che,Sorry to hear that
"A pawi lo, a tha ve leh mai ang","It's okay, It will be fine"
Min ngaihven avangin ka lawm e,Thanks for bothering about me
Lo him zel rawh,Stay safe
Nih theih ka duh,I wish i can
I tha leh thuai ang,You will be fine soon
Ka beisei khawp mai,I hope so
Ka kal a hun tlat mai,I have to go
Kan la inhmu leh dawnnia,See you around
Mi fel tak a ni e,He is a nice person
Mi felte hi ka ngaina,I like good people
Misualte ka ngaina lo,I don't like bad people
Misual ka ni lo,I am not a bad person
Tunge misual i ni ti che?,Who said you are bad person?
I thusawi dan atangin ka hrethiam mai,I can understand from your speech
I hredik lo a nih chu,You are wrong
"Anih chuan, eng nge tih dan tur min hrilh la","Then, tell me what to do"
Engkim i hre vek turah ka ngai,I think you know everything
Min hrilh loh chuan engtin nge ka hriat ang?,"If you don't tell, how will i know?"
Mi puitling nih tum rawh,Try to be a matured person
Tumah famkim an awm lo,Nobody is perfect
Ka hrethiam e,I can understand
I hriatthiam ka beisei,I hope you understand
Mi pangngai mai ka ni e,I am just a normal person
Ka ho lo a nia aw,I am not silly
"Aw, ka thutak ania","Yes, I am serious"
Min chhaih kual vel suh aw,Don't play around me
Ka fiamthu lo ania,I am not joking
Lo hlim ang che,Be happy
Nun hi a ninawm em a ni,Life is boring
Hlimna chhan tur tam tak a awm,There are many reason to be happy
Mi hlim tak ka ni e,I am a happy person
"A tha e, khawngaihin chhunzawm ang che","Good, please continue"
Min ngaihthlak avangin ka lawm e,Thanks for listening me
Ka rawn zui ang che,I will follow you
Min zui rawh,Follow me
Reilote min lo nghak lawk rawh,Wait for a minute
I duh anga tih hi alawm ka tum ni,Your wish is my command
Ka lo lawm a che,You are welcome
Naktukah kan inhmu dawnnia,I will see you tomorrow
Hunawl ka nei lo a,I don't have free time
Khawngaihin neih tum la,Please try to have
Tih theih a ni lo,It's impossible
I beih chuan i hlawhtling ngei ang,If you try you will succeed
Chakna ka nei lo,I don't have energy
Ka lainat hle mai che,I feel pity for your
Hringnun hi a awlsam lo,Life is not easy
"Zawl dawh la, dawhtheihna nei ang che",Be calm and have patience
Khawngaihin kal bo rawh,Please go away
Min haw suh,Don't hate me
Ka hua che,I hate you
Ka haw lo che,I don't hate you
I thian ka ni e.,I am your friend
Rilru lam daktawr,Psychiatrist
Ha daktawr,Dentist
Ha daktawr,Dental surgeon
"Chibai, John, I tha maw?","Hello, John, are you okay?"
"Hey, Liana, ka tha e.","Hey, Liana, I am fine"
Kan inhmuhna kha a rei ta hle mai.,It's been a long time we have met
"Ni e, kum khat chuang a ni tawh ang.","Yes, it's more than one year"
Khawiah nge hna i thawh tak a?,Where are you working right now?
Airtel company ah ka thawk a.,I am working in Airtel company
"Awhaw, a va ropui ve, chanchin lawmawm tak a ni.","Wow, great, that's a good news"
In company chu enge a an?,How is your company?
Hnathawhna nuam tak a ni.,It is a nice place to work.
Hriat a nuam hle mai.,Nice to hear
Nang tunlai enge i chanchin?,What about you these day?
Hnazawng turin ka inbuatsaih a.,I am preparing for job exam
"A va tha ve, duhsakna ka hlan a che.","Cool, all the best."
Ka lawm e.,Thank you
"Thudang alai chuan, i Pa a dam tha em?","By the way, how is your father?"
"Aih, a dam tha lo, mahse, ngaihtuahawm a ni lo e.","No, he is not well but not serious."
"A va pawi ve, mahse a damthat leh thuai ka beisei.","So sad, but i hope he will be getting better soon."
"Ni e, a damtha ve leh thuai ang.","Yes, he will be fine soon."
Corona natna lak atang hian kan fimkhur tur a ni.,We have to be bery careful from Corona virus
"Nie, an sawi dan chuan, he natna enkawlna tur damdawi mumal a la awm lo an ti.","Yes, they said that there is no proper medicine for this disease."
"A dik chiah, a invenna damdawi pawh a awm lo.","Certainly, there is also no vaccine"
Covid-19 hi natna hlauhawm tak a ni.,Covid-19 is a very dangerous disease
Inkharkhip chhung in engtin nge nun i hman?,How to you spend life during lockdown?
Ka chhungte nen inah kan awm tawp a ni mai.,I am just staying at home with my family.
A ninawm i ti thin em?,Do you get bored?
"Teh rengmai, a chang chuan kal chhuah ka ngai thin.","Of course, sometime i need to go out."
"Mahse, thil lei tura i kal pawn fimkhur ang che.","But, be careful if you go for shopping"
"Aw, ka kalchhuah apiangin ka hmai ka tuam thin.","Yes, i am wearing mask whenever i go out"
Kut silfaina hmang theihnghilh suh ang che.,Don't forget to use hand sanitizer
"Tehrengmai, ka ipteah ka pai ziah.","Sure, I always keep in my pocket"
"Engpawhnise, ka kal angai tlat, kan inhmu leh dawnnia.","Anyway, I have to go, see you later"
Fimkhur la aw,Take care
Thiantha tak a ni,He is a nice friend
"Khatiang thian tha ka nei kha, ka lawm ngawt mai.",I am glad that I having such a good friend
Pathian hi ka tan a tha a ni.,God is good to me
Ka nupui tan chocolate ka'n lei ang e.,Let me buy chocolate for my wife
Pasal tha tak chu ka ni ve in ka inhria.,I think I am a good husband
Zaninah ka rawn bia ang che.,I will call you on tonight
"Aw le, theihnghilh suh ang che.","Okay, don't forget"
Ka theihnghilh lo ang.,I will not forget
Mizo tawng thiam ka va'n chak tak,I wish I can speak Mizo language
"Lungngai suh, ka la zirtir ang che","Don't worry, I will teach you"
"Mahse, hun i nei ngai lo a",But you never have time
Inkharkhip lai hian hun ka nei ang,I will have time during lockdown
Hunin a la hril ang chu,Time will tell
Min ring lo in ka hria,I think you don't trust me
"Ni lo, ka ring a che","No, I trust you"
"Aw le, karlehah tih tum ila","Okay, let's plan on next week"
A nuam duh ngawt ang,It will be interesting
Ka haw tawh mai ang e.,Let me go home now
Taksa hmet dam thei rawn ka ngai.,I need to consult physiotherapist.
Khawnge mi zaitu daktawr ka hmuh theih ang?,Where shall i meet surgeon?
Ha daktawr hmuh ka ngai.,I need to meet dentist.
Daktawr ka hmu thei angem?,Can i meet doctor?
"Aw, a awm lai ania, i hmu thei e.","Yes, he is available and you can meet him."
"Aih, a buai rih a, nakinah i la hmu thei ang.","No, he is busy and you can meet him later on."
"Ka chanchin hi a pawimawh sia, tuna hmuh ngei a ngai.","My case is so important, i need to meet him now."
"Lo nghak rawh, amah kan zawt ang e.","Wait, let me ask him."
"A awl e, i hmu thei e.","He is free, you can meet him."
I chanchin min hrilh rawh le.,Tell me about your case.
Ka pumpui hi ka sawisel a.,I have a stomach problem.
A na ti thin em?,Do you feel pain?
"Aw, na ka ti thin khawp mai.","Yes, i feel severe pain."
"Awle, ultrasound a enfiah phawt i ngai.","Okay, you need to do ultrasound test."
"He lehkhapuan hi la la, pindan lehlamah va inenfiah tir rawh.",Take this paper and have a test on next room.
Ka ha phawi tir ka ngai.,I need to do tooth extraction.
Khawnge daktawr laboratory hi a awm le?,Where is doctor laboratory?
Hetiang damdawi chawh hi i ei angai.,You have to follow this prescription.
Heng damdawi te hi a ei dan tur ka hre lo.,I don't know how take these medicine
Daktawr lehkhaah khan a inziak vek e.,It's written in the doctor prescription paper.
"Awle, a mi chawh ang chu ka lo zawm dawnnia.","Okay, i will follow the prescription."
I hriselna i uluk dawnnia.,Take care your health.
Damdawi te a hun takah ei ang che.,Take medicine on time.
He damdawi hi chawei hmaa ei tur a ni.,This medicine is to take before food.
He damdawi hi nikhatah vawi 2 ei tur a ni.,This medicine is to take bi-daily.
He damdawi hi mut hmaa ei tur a ni.,Take this medicine before sleep.
He damdawi hi i riltam laiin i ei dawnnia.,Take this medicine when you are in hungry.
Damdawiinah dahluh i ngai.,You need to get admit in hospital.
Awmpuitu ka nei thei angem?,Can i have attendant?
Mi pakhat awmpuitu i nei ang.,You will have one attendant.
Damdawiin lamin chaw ei tur min pe angem?,Will the hospital provide food?
"Aih, pawn lam atangin chaw eitur i lak angai.","No, you have to get food from outside."
Vawiinah engtik hunah nge daktawr a lo kal ang?,When the doctor will come today?
Hemi thil hi daktawr sawipui ka ngai.,I have to discuss this case with doctor.
A ni telin ka ziawm zel e.,I am improving day by day.
Engtikah nge min chhuahtir theih ang?,When will i get discharge?
Khawilai nge damdawi zawrhna dawr?,Where is pharmacy shop?
Damdawi lei ka duh.,I want to buy medicine.
Pek khat min pe rawh.,Give me one packet.
Pawisa nawi i nei em?,Do you have change?
Heng ho ken nan hian plastic ip min pe rawh.,Give me plastic bag to carry these
Enge ka inentirna chu a an?,How is my test result?
"I tha e, mahse, damdawi i ei angai.","You are fine, but you need medicine."
Ka nghawngah khawihli ka vei a.,I have a boil in my neck.
Mit daktawr rawn ka ngai.,I need to consult eye doctor.
Ka hnungzangah hian na ka nei a.,I have a pain in my back.
Ka kawng ka herh a.,I am feeling chest pain.
Kawng herh damdawi i nei em?,Do you have medicine for chest pain?
Arngeng tih reh dan tur ka duh.,I want to get rid of pimples.
Khak entir ka ngai.,I want to test sputum.
Ka zun entir ka duh.,I want to test my urine.
Ka ek entir ka duh.,I want to do stool analysis
X-ray va inentir rawh le.,Get an X-ray test.
Hemi inentir tur hian chawnghei ka ngai em?,Do i need to take fast for this test?
Engtik nge damlo kan hun?,When is visiting hour?
Zingah daktawr a awm angem?,Will the doctor be available on morning?
Chawlhkar khat hnuah rawn kal leh ang che.,Come again after one week.
He harsatna hi thla hmasa atang khan ka nei tan.,I have this problem from last month.
Tawnglettu ka neih loh chuan keimah chuan ka insawifiah thiam lo.,If i am not having translator i cant express myself.
I thil ei thinah chintawk nei thiam ang che.,Make a restriction on your diet.
"He damdawi hi chu a to lutuk a, ka lei zo lo a ni.","This medicine is very costly, i cant afford it."
"He damdawi hi ei ta ila, ei rei angai angem?","If i take this medicine, do i need to take it for long?"
"Aw, thla hnih chhung i ei angai.","Yes, you need to take for two months."
"Ka awm a nuam lo, ka luak.","I am feeling nausea, i am vommitting."
Motor ka rui.,I having suffering motion sickness.
Ka kua a tha lo.,I am suffering from diarrhoea
Ka beng a ana.,My ear is paining.
Ka thaw a chham.,I am fainting.
I chau nghulh em?,Do you feel nausea?
Ka chiang kuang lo a ni.,I am not okay
Ka chaw ei a tui lo.,I don't have appetite.
Ka lu a hai muai muai.,I am having dizziness.
Luna benvawn ka nei.,I have migrain
Ka awm a nuam lo.,I am not feeling well.
I thlan a tla thin em?,Do you have sweating?
Ka ha ah kua a awm.,I have cavity in my tooth.
Ka la rawn rawn leh ang che.,I will consult you again.
A na lai chu a vung em?,Is the pain is swelling?
"Aw, a hnuah a rawn vung a.","Yes, it's swelling after sometime"
Ka khuhhnawk hi dam vat vat ka duh.,I want to get rid off bad cough.
Ka khuhhnawk hi dam vat vat ka duh.,I want to get rid off sore throat.
I mi thurawn avangin lawmthu ka hrilh a che.,Thank for your advise.
Ka lo kal leh ang.,I will come again.
Tunge vawih a?,Who is farting?
I chil a put fo thin em?,Do you often have drooling?
I chil enfiah tir a ngai.,You need to test your saliva.
I dam leh thuai dawnnia!,Get well soon!
Hei hi a tangkai nge tangkai lo?,Is this helpful or not?
I ngaihdan i hnuchhiah dawnnia.,Leave a comment.
I hming min hrilh thei angem?,May I know your name?
"Aw, ka hming chu Thartei a ni.","Yes, my name is Thartei"
Khawi atanga lo kal nge i nih?,Where are you from?
Lunglei atanga lo kal ka ni,I am from Lunglei
Minchhan avangin lawmthu ka hrilh a che,Thanks for your reply
I ti lawmawm e,You are welcome
Hetah hian i thu ang,Let's sit here
"Aih, din ka duh zawk e","No, i prefer standing"
"A tha lawm, pawi ka ti lo e",Okay no problem
Enge i harsatna tak tak hi ni reng reng a?,What is your problem actually?
Ka harsatna chu Hindi hi duh angin ka thiam tha lo a.,My problem is I am not fluent in Hindi
"Chung te chu a pawi hleinem, keiman ka zirtir dawn che a lawm.","That's not a problem, I will teach you"
"A van tha tak, ka lawm viau ang","That's great, I will very glad"
I lawm chuan kei pawh ka lawm em em e,If you are glad thats my pleasure
Hetah hian i cheng duh angem,Will you like to stay here
"Aih, in la luah ve mek a","No, I am renting apartment"
Inluahman ah engzat nge i pek?,How much you paid for house rent?
Atir in cheng sangkha ka pe a chu chuan security atan pek luh tur a huam tel vek a,Initially I paid five thousand including security deposit
"Engpawhnise, he lai hmun hi enge i hmuh dan?","Anyway, how do you find this place?"
Hmun ngaihnatawm tak a ni e,Its a lovely place
I ti tak tak em?,Are you serious?
"Aw, thudiklo ka sawi ngai lo","Yes, I never tell a lie"
I nungchang hi ka ngainat zawng tak a ni,I really like your behaviour
Min bawl suh aw,Dont be kidding
"Aih, ka uang lo","No, I am not joking"
Ka ring lo emai,I cant believe
"I thu thu a ni e, mahse, ka rinawm","It's up to you, but i am trustful"
Rin theih che hi ka duhthusam a ni e,I wish I can trust you
Min la hre chhunzawm zel dawn a lawm,You will know me later
"A tha e, i chanchin te min han hrilh la","Fine, tell me about your background"
"Ka lawm e, Aizawl atanga lo kal ka ni a, ka nu leh pa te hi an la dam a, pianpui unau 2 ka nei bawk.","Thank you, I am from Aizawl, my parents are still alive and I am having 2 siblings"
Khawi lamah nge sikul te i kal thin a?,Where did you do your schooling?
Ka lehkhazirna chhuahna chu a tlangpuiin Mizoram ah deuh vek a ni mai,Most of my academics backgrounds are done in Mizoram
"Anih chuan, Mizoram pawnah i zir chhuak ngailo a ni maw","So, You never studies in outside Mizoram"
"Aw i sawi dik thuak e, kum khat chu Bengaluru ah ka zir ve a mahse chhan tha zawk vangin ka chhuahsan leh a","Yes you are almost right, i studied in Bengaluru for one year but i left the city for good reason"
"A lawmawm e, kan inthian that zawk theih nan heng thil hi ka zawt ta vak che anih kha","Thanks, I just asking you all these thing for a better relationship"
"A tha lawm, in hriatchian tawn hian innel na a siam a lawm","It's good, knowing each other makes us closer"
Zawh loh tur te ka zawt em lo ang che chu maw,I think I am not asking wrong things
"Teuh lo mai,i thil hriat duh te hi chu thil pangngai a lawm","No, no, your queries very normal"
"Chuti anih leh, chawchhun kan lam tawh mai dawn em niang?","Well then, shall we order lunch?"
Enge i ei duh ang?,What will you like to eat?
Thil thak leh hmui ltk te nih loh chuan engpawh ka ei thei vek e,I can take anything except spicy ones
I vannei hle mai helaiah hian harsatna lutuk i nei lo a,You are so lucky you dont have much problem here
"A dik, khawiah pawh cheng ila ka in siamrem ve thei mai zel","Right, I can adapt myself wherever I live in"
I awmdan hi tha ka tih zawng tak a ni e,I appreciate your nature
I tawngkam tha avangin ka lawm e,Thanks for your good words
Engtikah nge kan inhmuh leh dawn?,When shall we meet next time?
"Ka sawi thei chiah lo, ka hnathawh dan a zir a ni mai",I can't say it depend upon my work schedule
"Awle, kar khat ah vawi khat tal inhmuh tum ila","Okay, let try to mee at least once in a week"
"Awle, ka lo ngaipawimawh dawnnia","Yes, I will keep in mind"
I facebook profile kha ka lo hmu a,I saw your facebok profile
"Awi leh Lalpa, ka va zak tak",Oh! my God! am so shy
"Pawi ti suh, ka lo en ru ve che ni mai lawm","Never mind, am just stalking to you"
"Awle, facebook hi ka khawih zing lutuk lo a","Okay, i am not much regular in facebook"
Ka ring thiam mai e,I can guess it
Engatinge min ngaihven viau a?,Why are you interest in mine?
Chhan a awm a ni mai,There must a reason
"Hey, min chhaihkawlh tum suh aw","Hey, dont try to pull my leg"
"Nilo, ka hrechiang ve chak che a ni mai a","No, I am just curious about you"
"Engmah ka ni lo, i mi hmuh ang hi ka ni mai e","I am nothing, I am just like you see me"
I felna ka ti em che a,I like your goodness
"Ka fel lo, mihring pangngai ve mai ka ni e","I am not good, I am just a norman humanbeing"
Zanriah ei chhuak tur a kal I pawiti lo angem?,Will mind to go out for dinner?
"Teuh lo, ka lawm zawng tak a ni ang","Never, I will very glad"
"A tha e, ruahmanna siam ka lo tum dawn nia","Well, I will try to make a plan"
"Ka kal angai tlat mai, inbiak zel kan tum dawnnia","I have to go, let's try to keep in touch"
"Tehreng mai, i duh phawt te chuan","Of course, if you want to"
Keimah lam atang chuan harsatna awm lo ang,From my side there will be no problem
Hun min pek avangin ka lawm e,Thanks for your time
"Keipawh le, i thil min khilai avangin ka lawm e","Me too, thanks for your treat"
"Khang sawi kual angai lo, office ka thlen hunah ka rawn sawi dawnnia","Need not mention such thing, I will let you know when I reached my office"
"Awle, in uluk la, kan inhmu leh thuai dawnnia","Yes, take care, see you soon"
"Nang pawh le, kan inhmu chu ka lawm hle mai","You too, nice meeting you"
"Keipawh ka ni chiah, i zahawm khawp mai","Same here, you are so smart"
"Bye bye mai le, tha deuhin aw","Bye bye, all the best"
Ka hrengreng ang che,I will remember you
Min va han ti lawm tak em,You make me happy
Hun tha takin hmang ang che aw,Have a great time
"Nang pawh le, min lo tawngtai pui dawnnia","You too, pray for me"
Ka lo ti ngei dawnnia,I will do that
Engkim a hunah tak tih tum ang che,Try to do everything in time
Ke theih tawp a tha a tih ka lo tum dawnnia,I will try my level best
Chu chu ka duhthusam a ni e,Thats my wish
Tinge kalsan che hi a har em em ni,Why are you so hard to leave
Keipawh hian ka kalsan thei lo che a ni,Even me i can't leave you
Kan inkarah hian engmawni a awm aniang,There must be something between us
Ka ring tho mai,I think so
"Engpawhnise, ka kal a hun tlat, ka rawn be leh dawn che nia","Anyway, its time to go, will talk you later"
"Awle, tluang takin i kal dawnnia","Okay, safe journey"
La awm rei theih nise ka va ti em,I wish I can stay longer
"Lungngai suh, hun tha zawk a la awm leh dawn a lawm","Don't worry, there will be a better time"
He thu hi i chhiar avangin i ti lawmawm e,Thanks for reading this post
He mi tanpuina i siam hmang hian Mizo tawng zir ka lo tum ang,I will try to learn Mizo language throuh this help
He Saptawng lehlin kaltlang hian Mizo tawng zir chu a tha zawk a nia,It's better to learn Mizo language through this English translation
Internet lamah hian Saptawng atanga Mizo tawng tanpuina hmuh tur a vang hle,In internet i hardly see English to Mizo language help
Hun ka neih chuan hei aia zing hian rawn tarlan ka lo tum dawnnia,If i have a time I will try to post more often
I ngaihdan i lo sawi lang ve dawnnia,Please leave a comment
Tunah ka ti nghal mek e,I am doing right now
"Ehe, a va han fel tak em","Wow, such a nice person"
I comment ka hmuh hian min ti hlim a sin,See you comment makes me happy
I tawngkam tha hian min ti sen tawn tawn mai,Your kind words makes me blushing
Facebook ah I awm em?,Are you on Facebook?
Facebook ah I awm chuan engtin nge I hming I ziah?,"If you are in Facebook, how do you write your profile name?"
Ka account chu Remthangi Ralte tih a ni,My account is Remthangi Ralte
Friend request rawn thawn che ila min pawm angem?,If I send friend request will you accept me?
"Tehreng mai, ka lo pawm ang che.","Sure, I will accept you."
Enge I tui zawng?,What is your hobby?
Football khelh hi nuam ka ti.,My hobby is playing football
"A va tha ve, keipawh inkhelh hi ka tui a","Cool, I am also interest in playing football"
Instagram I hmang em?,Are you using Instagram?
"Aw, Instagram ka hmang","Yes, I am in Instagram"
Instagram ah engtin nge I hming I ziah?,How do you write your name in Instagram?
Ka hming chu hetiang hian ka ziak  Remthangi Ralte,I write my name like this  Remthangi Ralte
Instagram ah ka follow thei che angem,Can I follow you in Instagram
"Tehreng mai, I duh phawt chuan.","Of course, no problem."
"Mizo tawng ka thiam lo a, mahse, Instagram ah hmuh che ka duh a.","I cannot speak Mizo language, but, I want to see you in Instagram"
Ka thilsawi hi I huatzawng a nih loh hram ka beisei,Hope you dont mind my language
I duh loh zawng a nih chuan I ngaihdamna ka dil e.,"If you dont like it, I beg your pardon"
Thian kan ni thei angem?,Can we be a friend?
I thian ka nih chuan I chungah ka lawm em em ang.,"If I am your friend, I will be glad to you."
"Aw, thian kan ni thei ang","Yes, we can be a friend"
"Aih, thian kan ni thei lo ang","No, we cannot be a friend"
Engatinge? Enge harsatna I nei a mi?,Why? What is your problem?
"Aih, harsatna ka nei hran lo a, mahse, ngaihzawng ka nei a.","No, I dont have problem, but I am already taken."
"A Pawi a mi, inthian tawn te chu a hlimawm ve a lawm",So whatFriendship is just a matter of fun
"Aih, Ka ngaihzawng ah hian kei chu ka nghet lutuk a","No, I am so committed on my relationship"
"Awle, hlimtakin awm dawnnia","Okay, have a fun"
Min chhan avangin ka lawm e,Thanks for your reply
Thil harsa vak a ni hleinem,Its not a big deal
I chiang em?,Are you sure?
"Aw, ka chiang e.","Yes, I am sure."
"A tha alawm, a nih leh phawt aw.","Okay, bye"
Min biakpawh theihna I duh takin hei hi ka number aw,In case if you need my contact here is my number
Ka mamawh hunah ka rawn bia ang che,I will call you when I needed
Engtikhunah pawh,Anytime
I fel hle mai,You are so kind
Chutiang ka ni lo,I am not
Kan in bia chu ka lawm hle mai,Nice chatting with you
Kei pawh le,Me too
Kan in hmu leh thin dawnnia,See you next time
A nuam ka ti,My pleasure
I pian a nalh hle mai,You are so sexy
"Aih, Ka nalh lo, mi pangngai mai ka ni e","No, I am not sexy, I am just a normal one"
Min fakdernaah ka lawm e.,Thanks for your compliments
Thudik ka sawi e,I am telling truth
Ka ring reng a ni,I think so
Mi ti el vel suh aw,Dont be sarcastic
Mi lem lutuk ho hi ka hua,I hate fake people
Ka lem lo ania aw,I am not fake
"Hawihawm la, mi ngaihven tha bawk ang che",Be smart and caring
"Aw le, ka ti ngei ngei ang","Yes, I will do that"
Ka ring ngam che ang'em?,Can I trust you?
"Tehreng mai, dawt ka sawi ngai lo.","Of course, I never lie"
Engtikah nge I online ang?,When will you be online?
Engtikah nge Saptawng atanga Mizo tawng lettu ka hmuh theih ang?,When shall I get English-Mizo online translator?
Ka lo zawng chhuak dawnnia,I will find out
"Aw le, min hrilh thuai dawnnia","Okay, please tell me soon"
Tunlai hi chuan engkim mai hi online a tih vek angai tawh a,These days everything has to be done online
He blog hi Saptawng-Mizo tawng leh nan a tangkai hle in ka hria,I find this blog is helpful for English-Mizo translation
Mizo tawng chu zir a har ve det a ni,Mizo language is bit difficult to learn
"Ka ring, thluk dan bik nei tawng a nia","I think so, it is tonal language"
Mahse a tluk hi nalh ka ti,But I like the tone
Mizo tawng hi thiam ve ka chak ngawt mai,I wish I can understand Mizo language
"Lungngai suh, engtikniah emaw chuan I la thiam ve mai ang",Dont worry you will understand someday
Ka theih tawp ka lo chhuah dawnnia,I will try my best
Min rawn tlawh a a lawmawm hle mai,Thanks for your visit
Ka hrenreng ang che,I will remember you
"Awi, i va han ngainatawm tak em","Wow, you are so sweet"
Min hrereng ang che,Please remember me
Ka chungah i tha hle mai,You have been good to me
Mi tha tak i ni e,You are a good person
I ngilneihna avang lawmthu ka hrilh a che,Thanks for your kindness
Zanriah kil ho ang u,Let's have dinner together
Ka nghakhlel tawh a ni,I can't wait
"Tehrengmai, hun tha la rawn herchhuak mai ang.","Sure, there will be good time"
Hetah hian Mizo tawng lettu an awm em?,Is there any Mizo language translator here?
Khawiah nge Mizo tawng lettu ka hmuh theih ang?,Where can i find Mizo language translator?
Online a Saptawng atanga Mizo tawng leh theihna website a awm em?,Is there any website that can do online translation from English to Mizo language?
Mizo tawng let thei tu ka mamawh.,I want Mizo language translator
Sap tawng atangin Mizo tawng i let thei angem?,Can you do language translation from English to Mizo language?
Online in Mizo tawng atangin Saptawng in tawng ka let thei e.,I can do online language translation from Mizo language to English
Saptawng atanga Mizo tawng a tawng let thiam mibik i ni em?,Are you professional language translator from English to Mizo language?
Saptawng atangin Mizo tawng in tawng kan letling thei e.,We can do language translation from English to Mizo language.
Saptawng atanga Mizo tawng a tawng lehngai hna i neih chuan ka lo tanpui thei ang che.,"If you have language translation job from English to Mizo language, i can help you."
He blog neitu hian Saptawng atanga Mizo tawng a tawng lehlin a ti thei e.,This blog owner can do language translation from English to Mizo language.
Saptawng atanga Mizo tawng a tawng lehlin man engzat nge i chhiar ang?,How much will you charge for language translation from English to Mizo language?
A thumal tam dan azir a ni mai.,It's depend upon the number of words count.
Saptawng atanga Mizo tawng a tawng lehlin hi ka tuizawng a ni.,I am interested in language translation from English to Mizo language.
Internet ah online in Saptawng atanga Mizo tawng a tawng lehlin i ti thei em?,Can you do online translation from English to Mizo language in internet?
"Aw, tawng lehlin ngai chi chu ka ti thei vek.","Yes, i can do all translation works."
Mizo tawng in letling rawh.,Translate in Mizo language.
Mizo tawng i zir duh a mi?,Do you want to learn Mizo language?
Mizo tawng zir ka duh.,I want to learn Mizo language
Mizo tawng min zirtir rawh.,Teach me Mizo language.
Mizo tawng i thiam em?,Do you speak Mizo language?
Mizo tawng tlem tlem ka thiam.,I can speak a little bit of Mizo language.
Mizo tawng ka thiam lo.,I can't speak Mizo language.
Mikhual ka nia Mizo tawng ka thiam lo a ni.,I am outsider so that i cannot speak Mizo language.
"Hei hi Mizoram ka kal vawikhatna a nia, Mizo tawng ka thiam lo a ni.","This is my first time in Mizoram , i can't speak Mizo language."
Mizo tawngin engtin nge in tih?,How do you say in Mizo language?
Mizo tawngin a hming ka hre duh a ni.,I want to know it's name in Mizo language.
I thian ka ni e.,I am your friend.
In thianthatna siam dun ang.,Let's make a friendship together.
Zak suh.,Don't feel shy.
Inthlahrung suh.,Don't feel shy.
I thian ka nih chuan ka lawm viau ang.,If I am your friend I will be happy.
Thian dik tak i lo ni e.,You are such a true friend.
Mizo tawng ka zir mek.,I am learning Mizo language.
Mizo tawng in tawng theih ka va chak em.,I wish I can speak Mizo language.
Engtin nge ka rawn biak pawh theih ang che?,How will I contact you?
I number ka nei thei angem?,Can I have your number?
I hming dik tak min hrilh rawh.,Tell me your good name.
Mizo tawng in hmangaih lehkhathawn ziah ka duh.,I want to write love letter in Mizo language.
"Awle, ziak rawh le.","Okay, write it on."
"Hmangaih Duat em em, I dam lai a ni em? I dam zel ka beisei, keipawhka dam e. Ka ngai lutuk che tih hrilh che ka duh a, i tello chuan thlamuang takin ka nung thei lo. Min rawn chhan ve chuan i chungah ka lawm em em ang.","Dear love, how are you? I hope you are getting well, I am also fine. I want to tell you that, I miss you so much and without you I can't live peacefully. If you reply me I will be greatful to you."
Thil sawi lawk ka duh e.,I want to say something.
Khalamah enge i nunphung a tha zel em?,How is life over there?
"Ka tha e, ka dam e.","I am good, I am fine."
Facebook ah i awm em?,Are you on facebook?
"Aw, facebook ka hmang ve e.","Yes, I am using facebook."
"Anih chuan, thian kan ni thei angem?","If so, can we be a friend?"
Engnge i hming awmzia hi?,What is the meaning of your name?
A awmzia min hrilh rawh.,Tell me the meaning.
A awmzia ka hrethiam lo.,I don't know it's meaning.
Kan inhmu leh thuai dawn nia.,See you soon.
Kan inbia chu ka lawm hle mai.,Nice talking with you.
"Ka lawm e, nangpawh biak i nuam.","It's my pleasure, nice talking to you too."
Mangtha phawt mai le.,Bye bye then.
Naktuk ah kan inhmu dawnnia.,See you on tomorrow
Ka hrethiam thei e.,I can understand.
I hrethiam em?,Do you understand?
Ka hrethiam thei lo.,I cannot understand.
I thil rawn tarlan hi ka duh zawng tak a ni.,I like your post.
Ka hmangaih che,I love you
Piancham chibai,Happy Birthday
Dam takin le,Good bye
Engnge i duh?,What do you want?
A to lutuk,"It's too costly, It's too high"
Engzat man nge?,How much it cost? What is a price?
I duh em?,Do you like? Do you want?
I hmeltha lutuk,You are very handsome
I rem tih chuan,If you don't mind
Pawi i tih loh chuan,If you don't mind
Krismas Chibai,Merry Christmas
Mizo tawng in let rawh,Translate in Mizo language
Ka ngai che,I miss you
Naupang daktawr,Padeatrician
"Ka Pi, Chibai.","Hello, Madam."
"Ka Pu, Chibai","Hello, Sir."
Serthlum hi engzat man nge?,What is the price of orange?
Hei hi engzah man nge?,How much is this?
Cheng sawm man.,It's ten rupees.
Cheng 5 in min pe thei angem?,Can you give me in Rupees 5?
"Aih, ka theilo tlat mai.","Sorry, i can't."
Min pe tlawm rawh.,Make it low price.
He bahg hi ka lei duh.,I want to buy this bag.
A rawng dang innei em?,Do you have different colour?
Khawngaih in dik takin buk rawh.,Please weight correctly.
Pawisa nawi i nei em?,Do you have change note?
A nawi min pe rawh.,Give the change.
Khawngaih in a chhia kha telh suh.,Please remove damaged ones
Khawngaih in a chhia kha telh suh.,Please remove rotten ones
A khaina tur ip innei em?,Do you have carry bag?
A khaina tur ip min pe rawh.,Give me carry bag
A thar tha em?,Is it fresh one?
A tharlam em?,Is it fresh one?
A lem ka duh lo.,I don't want duplicate one.
Alu i nei em?,Do you have potatoe?
Khawiah nge arsa tharlam ka lei theih ang?,Where can i get fresh chicken?
A thlawnin min pe rawh.,Give me free of cost
Ka lei tam chuan min tlawm angem?,If i buy many items will you give me discount
"Aw, ka lo pe tlawm ang che.","Sure, i will give you discount."
Kg khat,One Kg
Kg chanve,half Kg
Lehkha in tuam rawh,Wrap with paper
Khawnge a freegift chu?,Where is its freegift?
A to lutuk.,It's so costly.
Ka duh lo mai,I don't like
Nidang ah ka lo lei ang,Will buy on next time
Ka ip hi lo chelh lawk teh,Hold this bag
Litre khat,1 litre
Litre chanve,half litre
A khat in min pe rawh,Give me full
A vaiin min pe rawh,Give me full
Hei hi eng design nge ni?,What design is this?
A thar ber i nei em?,Do you have the latest one?
A hlui zawk ka duh.,I like older.
Dawr dangah an nei angem?,Will they have in other shops.
Khawnge dawr hnai ber?,Where is the nearest shop?
Khawnge bazara a awm?,Where is market?
Ka Mizo tawng hman hi adik vak lo,My Mizo language is bad.
Sa ka lei duh.,I want to buy meat.
Thlaihnah ka lei duh.,I want to buy vegetables.
Thei ka lei duh.,I want to buy fruits.
I hming dik tak min hrilh thei angem?,May i know your good name?
Ka hming chu Johna a ni,My name is John
I cab ka hmang thei angem?,Can i use your cab?
Bazar thleng engzat nge i chhiar?,How much do you charge till market?
A to lutuk chhiar tlem deuh la,It's too much make it less
Aizawl thlen nan engtia rei nge ngai?,How long it will take to reach Aizawl?
Ka hmanhmawh deuh a khawngaihin khalh chak deuh la,I am bit hurry please drive it fast
Ka hmanhmawh lem lo a muangchangin aw,I am not hurry take your time
Hmanhmawh suh,Do not hurry
Ding rawh,Stop
Kal rawh le,Move on
Music tizawi rawh,Down the music volume
Motor khalh laiin mei zu suh,Do not smoke while driving
Motor khalh laiin phone be suh,Do not talk on phone while driving
Seat belh hreng rawh,Wear seat belt
Dinglamah peng rawh,Turn right
Veilamah peng rawh,Turn left
Kal ngil rawh,Go straight
Tlan ngil rawh,Go straight
Fimkhur rawh,Be careful
Kawngchhia ah ah tlan dim rawh,Mind the road humps
Rui chungin motor khalh suh,Do not drink and drive
Enge i mobile phone number?,What is your mobile phone number?
Ka number chu 9122 a ni,My number is 9122
Ka number hi la rawh,Take down my number
I number min hrilh thei angem?,Can you tell me your number?
A hun tak ah lo kal ang che,Come on time
Zinkar ah min rawn lam thei angem?,Can you pick me at morning?
I inpeih dawn loh chuan min rawn phone ang che,Call me if your are not ready
A hun takah ka lo in peih ang,I will be ready on time
Min bum suh ang che,Do not cheat
I rinawm avangin ka fak a che,I appreciate your honesty
Min thlah a ka lawm hle mai,Thans for dropping
Airport thleng min thlah thei angem?,Can you drop me till airport?
Ka lo kir leh hunah ka rawn hrilh ang che,I will let you know when i return
Pawisa la rawh,Take the money
Pawisa nawi i nei em?,Do you have change?
Hetah hian ka chhuk mai dawn,Let me stop here
Hetah hian ka chhuk ange,Let me stop here
Chhete in i tawlh leh hlek thei em?,Can you move a little bit further?
Him tak a i khalh avangin ka lawm e,Thanks for safe driving
Hotel Regency ah ka kal duh,I want to go to Hotel Regency
Reilo te ding lawk teh,Stop for a moment
Ka zun a chhuak,I wanna pee
Ka zung lawk duh ka duh,I wanna pee
Ka inthiar duh ka duh,I wanna pee
Zunram thiar ka duh,I wanna pee
Motor ka rui,I am having motion sickness
Kan inhmu leh thuai dawnnia,See you soon
Min lo nghak dawnnia,Wait for me
Min lo nghak rawh,Wait for me
Mikhual ka nia,I am a stranger
Engkim hi ka tan chuan thil thar vek a ni.,Everything is new for me
Pu Johna ka hmu duh.,I want to meet Mr John
Tlanpel suh,Do not overtake
Lehpel suh,Do not overtake
Ka bungrua kha la chhuak rawh,Take out my luggage
Mizoram chanchin han sawi teh,Tell me about Mizoram
North Indian chaw ei tur a awm angem?,Is there any chance to get North Indian food?
Aizawl ah eng hotel nge thaber ang?,Which hotel is best in Aizawl?
He tah motor dah suh,Do not park here
Tourist guide rawih ka duh,I want to have tourist guide
I nelawm hle mai,You are so friendly
Ka frank a nia,I am so frank
Thil ka zep thiam lo,I am so frank
Khalh muang rawh,Drive slow
Tlan muang rawh,Drive slow
Mei ka zu thei angem?,Can i smoke?
Kawngsir bazar ah thil lei lawk ka duh,I want to buy something at the roadside market
Engtik ah nge kan thlen ang?,When shall we reach?
Khawiah nge zu ka lei thei ang?,Where can i get drinks?
Khawiah nge inchi ka lei thei ang?,Where can i get drinks?
Sumdawnna thil a lo kal ka ni,I came here for business purpose
Mimal thil a ni e,It's a personal matter
Tualchhung mite nen a inkawm ho ka duh,I want to mingle with local people
Neih theih ka va duh em,I wish i can have
An ngaihsak tha em?,Do they serve well?
Thawhtanni thleng ka cham duh.,I want to stay till monday
Hun engemaw chen chu hetah ka awm ang.,I will be here fore sometime
Tuivawt ka hmang duh,I want to use cold water
Pathianni in motor i khalh em?,Do you drive on Sunday
Kawngkhar hawng rawh,Open the door
Police station number ka duh,I want police station number
Khawnge ILP counter a awm?,Where is ILP counter?
Khawnge ILP pisa a awm?,Where is ILP office?
Ka bulah lo awm ve la,Stay with me
Ka thian lo ni ang che,Be my friend
I duh dan chu ka zawm zel ang.,Your wish is my command
Mizo chaw ka eichhin chak,I wanna taste Mizo food
Khawnge bazarpui a awm?,Where is the main market?
Khawnge Mizo puan ka hmuh theih ang?,Where can i get Mizo shawl?
Ka rualin i lo kal ve dawn em?,Will you come with me?
Bawngsa ka ei ngai lo,I don't like beef
Thingpui ka in duh lo.,I don't like tea
Aizawl ah chuan Saptawng an hmang em?,Do they speak English in Aizawl?
Engtia hla nge?,How far is it?
A hla em em lo,It's not so far
A hnai em?,Is it near?
"Aih, a hnai vak lo",No it's not so near
I tihdan chu tha ka ti hle mai,I like your style
I hman hunah min rawn bia ang che.,Call me when you are free
Ka number i neiin ka hria,I think you have my number
I number ka nei lo.,I dont have your number
Khawnge dawr hnaiber a awm?,Where is nearest shop?
Ka nghakhlel tawh,I am so exicted
Ka awm hle hle thei tawh lo,I am so exicted
Hei hi min hriatreng nan la rawh,Take this for remembrance
I thil min hrilh avangin ka lawm e.,Thanks for the info
Ka nghak thei lo,I can't wait
Mizoram a tih loh tur min hrilh rawh,Tell me what not to do in Mizoram
Mizo tawngin 'Ka hmangaih che' tih hi engtin nge in sawi?,How do you say 'I love you' in Mizo language?
Aizawl ah Mandir a awm ve em?,Is there any Mandir in Aizawl?
Aizawl ah Mosque a awm ve em?,Is there any Mosque in Aizawl?
"Aw, Aizawl ah Mandir a awm.",Yes there's Mandir in Aizawl?
"Aw, Aizawl ah Mosque a awm.",Yes there's Mosque in Aizawl?
Mangtha le,bye bye
a nih leh aw,bye bye
Mihring damlo,Patient
Pangtichawr,Warts
Vawih,Fart
Zun siakna bawm,Urine bag
Inzaina pindan,Operation Theatre
Inzaina kutkawr,Surgical glove
Hmai tuamna,Face mask
hmui tuamna,Face mask
Kut silfaina damdawi,Hand sanitizer
Kut silfaina damdawi,sanitiser
Beng hawlhna,Earbud
Beng kherna,Earbud
Hmul ziah faina hmanrua,Saving kit
Ek dawhna thleng,Bedpan
zun dawhna thleng,Bedpan
Khawsik enna khawl,Thermometer
Chibai,Hello
Chibai,Greeting
Zing Chibai,Good Morning
Zinglam Chibai,Good Morning
Zing tha,Good Morning
Ni thatak hmang turin ka duhsak che,Have a good day
Ni hman nuam le,Have a nice day
Tukchhuah nuam le,Have a great day
Tlailam chibai,Good Evening
Mangtha,Good night
"Muttui, Tui deuhin i mu dawnnia","Sleep well, Sleep tight"
Ka lawm e,Thank You
"Ka lawm hle mai, Ka lawm lutuk",Thank You very much
Mangtha,Good bye
I dam em?,How are you?
"Aw, ka dam tha e.","Yes, i am fine"
"Aih, ka dam tha lo","No, i am not fine"
Kan lawm a che,Welcome
Thinlung takin ka lawmpui che,Hearty congratulation
Ka lawm pui a che,Congratulation
Piancham chibai,Happy Birthday
I piancham ka lawmpui che,Happy Birthday
Krismas chibai,Merry Christmas
Kumthar chibai,Happy New Year
Ka hmu che chu ka lawm hle mai.,Glad to see you
Ka hmu che chu ka lawm hle mai.,nice to see you
I lo kal thei a ka lawm hle mai.,Thanks for coming
Reilote lo nghak lawk rawh,Wait for a moment
A tha khawp ang chu.,It would be nice
A tha khawp ang chu.,i will be very good
I hrisel tha hmel khawp mai.,You look healthy
I hmeltha e,You are beautiful
I chhelo hle mai,You are beautiful
I hmeltha lutuk,You are so beautiful
I chhelo lutuk,You are so beautiful
"Tha deuh in aw, a tha thei ang berin aw, tha deuhin le.","All the best, best of luck, good luck"
"Tluang deuhin aw, Tluang deuhin i kal dawnnia, tluang takin aw",Safe Journey
Pathian in malsawm che rawh se,May God bless you
Nang pawh le,You too
Thiantha tak kan nih avangin ka lawm e.,Thank for being a friend
Ka puar e,I am full
"Pawi hle mai, a pawi ka ti, tih palh",Sorry
Min lo hrethiam lawk,Excuse me
Ka lo hria a pawi ka ti hle mai,So sad to hear
Engkim a tha vek e,All is well
a tha e,"It is well, it's okay"
a tha vek e.,it's okay
Pawi ka ti lo,I don't mind
engahmah ka ngai lo,i don't care
I hriselna a tha em?,How is your health?
I nu leh pa an dam em? an tha zel em?,How are your parents? are they okay?
Kum engzat nge i nih?,How old are you?
Tunge i hming?,What is your name?
Khawnge i kal? Khawnge i kal dawn?,Where are you going?
Enge i duh?,What do you want?
Enge i chaw ei duh zawng?,What is your favourite food?
Thingpui i in duh em?,Do you like tea?
Hetah awmla ka van ti tak em,I wish you are here
Hei hi a nalh,This is nice
Kan inhmu leh thuai dawnnia,See you soon
intawng leh ngei ang aw,See you soon
"Nuam deuhin awmla aw, nuam ti ang che.",Please enjoy
I dam that zel ka beisei,Hope you doing fine
Inhmuh lohna a rei ta hle mai,It's been long time no see
inhmuh a khat hle mai,It's been long time
a rei ve ta hle mai,long time no see
Lo kir thuai ang che,Come back soon
Khawngaih in min hrilh rawh,Please tell me
I tello chuan ka awm thei lo.,I can't live without you
Ka ngai che,I miss you
Ka ngaina che,I like you
ka duh che,I like you
Ka thian i ni e.,You are my friend
Lungngai suh,Don't worry
Enge i tih?,What are you doing?
Khawnge i awm?,Where are you?
In ah ka awm,I am at home
Ka tanpui thei che angem?,May i help you?
"Aw, tanpui ka ngai.","Yes, i need a help"
Khanghunlai te kha ngaihawm hle mai.,I miss those days
Mizoram ka ngaina hle.,I love Mizoram
"Ka vanneih nan min duhsak rawh, min duhsak rawh",Wish me luck
Ka rawn chhang har che a pawi ka ti hle mai,Sorry for late reply
Aizawl ah kan la inhmu dawnnia,See you at Aizawl
I duh zawng a nih ka beisei,Hope you like it
I ngainat zawng a nih ka beisei,Hope you like it
Ngai thutak duh suh.,Don't take it serious
Ka hlim em em a ni.,I am happy
Min la hriatreng avangin ka lawm e.,Thanks for remembering me
Min theihnghilh suh ang che,Forget me not
Khawngaih in min lo tawngtaipui dawnnia.,Please pray for me
Ka lo tawngtaipui dawn che nia.,I will pray for you
I dam tha leh thuai dawnnia,Get well soon
lo dam tha zel ang che.,Get well soon
Min kalsan suh,Don't leave me
"Ka lo kal leh dawnnia, ka lo zin leh thin ang.",I will come again
"Thil sawi lawk a ngai, thil sawi dun kan ngai.",I need to talk
Ka lo be lawk thei che angem?,May i speak to you?
"Ka lawm zawng tak alawm, kei pawh ka lawm asin.",It's my pleasure
I thu thu a ni mai,It's up to you
I thu vek alawm,It's up to you
I tih dan dan a ni mai,It's up to you
I hmeltha hle mai,You are handsome
I pa lutuk,You are handsome
Pa ka ti lutuk che,You are handsome
Chhelo khawp mai,You are handsome
"Pawiti suh, Engahmah ngai duh suh, Pawiti duh suh.","Never mind, don't mind"
"Min hrilh rawh, Sawi rawh",Tell me
A nuihzathlak hle mai,It so funny
Ka lo inrawlh lawk a pawi hle mai,Sorry for interuption
ka lo tibuai che a zia lo khawp mai.,Sorry for interuption
Ka nuih a za tawp thei lo.,I can't stop laughing
Dawt sawi suh,Don't tell lie
Chanchinthar a awm em?,Is there any news?
Khaw awmdan hi nuam ka tih zawng tak a ni.,I love the weather
"Mizoram chu a mawi hle, Mizoram chu ram mawi tak a ni.",Mizoram is beautiful
In inneih ka lawmpui a che u.,Congratulation on your marriage
"A dang pawh min hrilh rawh, sawi zel rawh.",Tell me more
I rawn tarlan avangin ka lawm e,Thanks for sharing
I rawn sawilan avangin ka lawm e,Thanks for sharing
Min rawn hrilhhria a a tih zia e,Thanks for sharing
Ka mumang ah hmuh che ka duh.,I wanna see you in my dream
Ka ril a tam,I am hungry
I ril a tam em?,Are you hungry?
Mizo tawng in min lehlin sak thei ang'em?,Can you please translate in Mizo language
Mizo tawng letlingtu ka mamawh.,I need Mizo language translator
Mizo tawng chu thiam a awlsam lem lo.,Mizo language is not so easy
Mizo hmeichhe thian ka nei,I have Mizo female friend
Mizo mipa thian ka nei,I have Mizo male friend
Mizo te chuan min tanpui nasa hle,Mizo are so helpful
"Hei hi ka duh, hei hi tha ka ti",I like this
"Ka tah a chhuak, tah mai ka duh",I wanna cry
"Inthiar lawk ka duh, ka ek a chhuak",I want to go toilet
"Pawi hle, ka thiam loh a ni e.","Sorry, it's my fault"
A thak lutuk,It's so hot
a lum lutuk,It's so hot
A nelawm khawp mai,he is very friendly
Naktuk ah lo kal rawh,Come on tommorrow
Khawi ah nge i chen?,Where do you live?
Lunglei ah ka cheng,I am living in Lunglei
I ti tha em?,Have you done well?
Tih loh tawp ai chuan tlai deuh pawh a pawilo.,Better late than never
He blog hi tha ka ti.,I like this blog
he mi blog hi ka duh riau mai.,I like this blog
Taxi ka hmang thei angem?,Can i use taxi?
Bazar ah ka kal duh.,I want to go market
I hming tak min hrilh rawh.,Tell me your good name
"Ka lo kallo ang, ka lo kallo mai ang e",I will not come
Min fiam a mi?,Are you joking?
i fiamthu tiraw?,Are you joking?
Thawmhnaw lei ka duh.,I want to buy clothes
Mizoram chu ziak leh chhiar thiam tam lamah a hmingthang hle.,Mizoram is famous for high literacy rate
Aizawl engtia thlen chi nge? Engtin nge Aizawl kal dan?,How to go reach Aizawl?
Aizawl ah khawi lai te nge han tlawh chi ni ang?,What are the interesting places in Aizawl?
Aizawl ah saptawng a thuthar thehdarhna a awm em?,Is ther any English news service in Aizawl?
Mizoram ah eng tawng nge tlanglawn ber?,What is common language in Mizoram?
Pathian khawngaihna azarah ka la dam ve zel e.,By the grace of God i am still alive
Hringnun hi a buaithlak a ni.,Life is so complex
Thlamuang takin a chawl ta.,Rest in Peace
Ka thinlung chhungril ber atangin ka tawrpui a che.,My deepest condolence to you
"Hlim takin in innei dawnnia, in inneih ka lawmpui a che.","Happy wedding, happy marriage"
"Kan thudang a lai chuan, a tlai ta hle mai.","By the way, it's too late"
Nuam ka ti chiah lo.,I am not comfortable
"Zalenna ni chibai, Independence day chibai",Happy independence day
"Republic day chibai, Republic ni chibai ka buk a che.",Happy Republic day
Hei hi a tha khawp in ka hria.,I think this is good
Dum,Black
Dumpawl,Blue
Buang,Brown
Bawnghnute rawng,Cream
Vut rawng,Grey
Hring,Green
Tring rawng,Indigo
Sen uk,Maroon
Serthlum rawng,Orange
Sendal,Pink
Senduk,Purple
Sen,Red
Nawinawk,Violet
Var,White
Eng,Yellow
Rawng Trial,Zebra colour
rawg inchawhpawlh,Mix colour
rang,Zebra colour
Uk,Khaki
buang,Khaki
Nu,Mother
Pa,Father
Fapa,Son
Fanu,Daughter
Unaupa,Brother
Unaunu,Sister
U,Elder
Upa,Elder
Pu,Grand father
Pi,Grand mother
Pasal,Husband
Nupui,Wife
Puzawn,Father-in-law
Pizawn,Mother-in-law
Patea,Uncle
Putea,Uncle
Papuia,Uncle
Puteliana,Uncle
Putepuia,Uncle
Putea,Uncle
Ni,Aunt
Nutei,Aunt
Nupuii,Aunt
Fa,Child
Fate,Children
"Rawtuai, Mautuai",Bamboo shoot
Bawkbawn,Brinjal
Bawkbawn,Aubergine
Bawkbawn,Egg plant
Be,Bean
Changkha,Bitter gourd
Changkha,Bitter melon
Samtawkte,Bitter berry
Zikhlum,Cabbage
Parbawr,Cauliflower
Hmarchapui lianchi,Capsicum
Hmarcha,Chilli
Hmarchapui,Chili Pepper
Iskut,Chayote
Iskut,Green Gourd
Fanghma,Cucumber
Dailuah,Dal
Purunvar,Garlic
Sawhthing,Ginger
Sawhthing mothar,Baby ginger
um-ei,Gourd
um-ei,Squash
Badam,Groundnut
Bawrhsaiabe,Lady's finger
Awmpawng,Loofa
Awmpawng,Luffa
Vaimim,Maize
Vaimim,Corn
Hmazil,Melon
Dawnfawh,Water melon
Buhtun,Millet
Sawmtawk,Mock Tomato
Sawmtawk,Ethiopian eggplant
Antam,Mustard
Purunsen,Onion
Buh,Paddy
Zawngtah,Parkia speciosa
Zawngtah,bitter bean
Zawngtah,twisted cluster bean
Zawngtah,stink bean
Zawngtah,petai
Badam,Peanut
Thingmarcha,Pepper
Behliang,Pigeon Pea
Alu,Potato
Mai,Pumpkin
Maian,Pumpkin leaves
"Buh, Buhfai",Rice
Chhawhchhi,Sesami
Berul,Snake gourd
Bekang,Soyabeen
Kawlbahra,Sweet Potato
Aieng,Turmeric
Tawmataw,Tomato
Maipawl,"Winter Melon, Wax gourd"
Baibing,Alocasia fornicata
Chingit,Michinga patta
Behlawi,Cowpea
Pawih purun,Spring onion
Chanve,Half
Bial,Zero
Pakhat,One
Pahnih,Two
Pathum,Three
Pali,Four
Panga,Five
Paruk,Six
Pasarih,Seven
Pariat,Eight
Pakua,Nine
Sawm,Ten
Sawmpakhat,Eleven
Sawmpahnih,Twelve
Sawmpathum,Thirteen
Sawmpali,Fourteen
Sawmpanga,Fifteen
Sawmparuk,Sixteen
Sawmpasarih,Seventeen
Sawmpariat,Eighteen
Sawmpakua,Nineteen
Sawmhnih,Twenty
Sawmthum,Thirty
Sawmli,Fourty
Sawmnga,Fifty
Sawmruk,Sixty
Sawmsarih,Seventy
Sawmriat,Eighty
Sawmkua,Ninety
Za,Hundred
Sang,Thousand
Sing,Ten thousand
Nuai,Lakh
Maktaduai,Million
Vaibelchhia,Crore
Vaibelchhetak,Billion
Tluk leh dingawn,Trillion
Zawnglian chi,Ape
Sabengtung,Donkey
Sakhi,Barking deer
Sakhi vun rang,Spotted deer
Bak,Bat
Sanghal,Wild boar
Sanghal,Boar
Lawi,Buffalo
Bawngpa,Bull
Sanghawngsei,Camel
Hauhuk,Gibbon
Hauhuk,hoolock
Dawr,Leaf monker
Ngau,Common capped langur
Sahuai,Slow lorris
Zawhte,Cat
Zawhte note,Kitten
Laiking,Chameleon
Laiking,Lizard
Keite,Cheetah
Mizo tawng Bawngpui,Cow
Bawng note,Calf
bawng pa tuai,Calf
Awle,Crocodile
Choak,Crow
Sakhi,Deer
Sazuk,Sambar deer
Ui,Dog
Ui note,Puppy
Sai,Elephant
Sangha,Fish
Chakai,Crab
Chengkawl,Snails
Chengkawl,Perinkle snails
Piring,Snail
Kawngkawrawi,Snail
Hnapkhawn,Snail
Sihal,Fox
Sihal,Jackal
Utawk,Frog
Chung u,Frog
Sial,Gayal
Sanghawngsei,Giraffe
Kel,Goat
Zawnglian,Gorilla
Tuivawk,Hippopotamus
Keite,Leopard
Sakeibaknei,Lion
Sahnai,Lemur
Zawng,Monkey
Keite,Panther
Vawk,Pig
Vawkte,Piglet
Vuram savawm,Polar bear
Sazupui,Rabbit
Sazu,Rat
Samak,Rhinoceros
Beram,Sheep
Beramno,Lamb
Rul,Snake
Saphai,Python
Rul nghawng sen,Red Necked Keelback
Rul tur nei chikhat,Viper
Chawngkawr,Cobra
Rulngan,King Cobra
Thehlei,Squirrel
Sakei,Tiger
Utawk,Toad
Satel,Tortoise
Satel,Turtle
Sumsi,Turtle
Nghapui,Whale
Sanghar,Wildcat
Chinghnia,Wolf
Sakawrrang,Zebra
sakawrtial,Zebra
Sazaw,Civets
Safia,Yellow throated marten
Chinghnia,Dhole
Mizaitu daktawr,Surgeon
Cancer daktawr,Oncologist
Hmeichhe natna lam daktawr,Obstetrician
Hmeichhe natna lam daktawr,Gynaecologist
Lung daktawr,Cardiologist
Vun lam daktawr,Dermatologist
Vun lam daktawr,Skin doctor
"Chaw kawng, pumpui leh ril lam daktawr",Gastroenterologists
Natna tlanglawn daktawr,General medicine specialist
Kal natna daktawr,Nephrologist
Hriatna thazam daktawr,Neurologist
Mit daktawr,Ophthalmologist
Mit daktawr,Eye doctor
Natna zirchiangtu daktawr,Pathologist
Vun siam thiam daktawr,Plastic surgeon
Chuap kaihhnawih daktawr,Pulmonologist
Khawl hmang a mi entu daktawr,Radiologist
Ruh leh tisa inzawmna lai daktawr,Rheumatologist
Taksa khawi lai pawh zai thiam daktawr,General surgeon
"Kal, zungkawng daktawr",Urologist
"Beng, hnar leh hrawk daktawr","Ear, Nose, Throat (ENT) specialist"
Hnimhlum leh kahhitna daktawr,Anesthesiologist
Damdawi lam daktawr,Physician
Damdawi lam daktawr,medical doctor
Damdawi kaihnawih daktawr,Pharmacist
Damdawi zawrhna dawr,Pharmacy
Damdawi zawrhna dawr,Medicine shop
Hliam leh chetsualna avanga natna nei te enkawlna,Casualty
Ruh leh tha zam daktawr,Orthopedic surgeons
Insawizawi thiam daktawr,Physiotherapist
Taksa a thisen leh tui awm te enkawltu daktawr,Vascular and Endovascular surgeon
Hnar za leh thawhah daktawr,Allergist
Hnar za leh thawhah daktawr,Immunologist
Zunthlum daktawr,Endocrinologist
Zunthlum daktawr,Diabetes specialist
Thiamna bik nei daktawr,Specialist doctor
